-- phpMyAdmin SQL Dump
-- version 4.9.7
-- https://www.phpmyadmin.net/
--
-- Хост: localhost
-- Время создания: Ноя 17 2021 г., 06:18
-- Версия сервера: 5.7.21-20-beget-5.7.21-20-1-log
-- Версия PHP: 5.6.40

SET SQL_MODE = "NO_AUTO_VALUE_ON_ZERO";
SET AUTOCOMMIT = 0;
START TRANSACTION;
SET time_zone = "+00:00";


/*!40101 SET @OLD_CHARACTER_SET_CLIENT=@@CHARACTER_SET_CLIENT */;
/*!40101 SET @OLD_CHARACTER_SET_RESULTS=@@CHARACTER_SET_RESULTS */;
/*!40101 SET @OLD_COLLATION_CONNECTION=@@COLLATION_CONNECTION */;
/*!40101 SET NAMES utf8mb4 */;

--
-- База данных: `project7_fooda`
--

-- --------------------------------------------------------

--
-- Структура таблицы `category`
--
-- Создание: Окт 05 2021 г., 12:35
--

DROP TABLE IF EXISTS `category`;
CREATE TABLE `category` (
  `id` int(11) NOT NULL,
  `name` text,
  `img_name` varchar(255) DEFAULT NULL,
  `add_user_id` int(11) DEFAULT NULL,
  `status` int(11) DEFAULT '1',
  `created_at` timestamp NULL DEFAULT CURRENT_TIMESTAMP,
  `updated_at` timestamp NULL DEFAULT CURRENT_TIMESTAMP,
  `parent_id` int(11) DEFAULT '0',
  `order` int(11) DEFAULT NULL
) ENGINE=InnoDB AVG_ROW_LENGTH=8192 DEFAULT CHARSET=utf8;

--
-- Дамп данных таблицы `category`
--

INSERT INTO `category` (`id`, `name`, `img_name`, `add_user_id`, `status`, `created_at`, `updated_at`, `parent_id`, `order`) VALUES
(23, 'Молочная продукция', '20211013_milk.jpg', 10, 1, '2021-10-13 14:23:10', '2021-10-13 14:23:10', 0, NULL),
(24, 'Сыры', '20211013_Сырная продукция.jpg', 10, 1, '2021-10-13 14:26:22', '2021-10-13 14:26:22', 23, NULL),
(25, 'Творожный сыр', '20211013_Творожный сыр.jpg', 10, 1, '2021-10-13 14:27:32', '2021-10-13 14:27:32', 24, NULL),
(26, 'Йогурты', '20211013_йогурты.jpg', 10, 1, '2021-10-13 15:25:38', '2021-10-13 15:25:38', 23, NULL),
(27, 'Йогурт питьевой', '20211013_Йогурт питьевой.jpg', 10, 1, '2021-10-13 15:26:28', '2021-10-13 15:26:28', 26, NULL),
(28, 'Йогурт питьевой с добавками', '20211013_йогурт питьевой с добавками.jpg', 10, 1, '2021-10-13 15:27:10', '2021-10-13 15:27:10', 27, NULL),
(34, 'Консервация', '20211017_konservy.jpg', 10, 1, '2021-10-17 18:08:49', '2021-10-17 18:08:49', 0, NULL),
(35, 'Оливки', '20211017_оливки.jpg', 10, 1, '2021-10-17 18:10:44', '2021-10-17 18:10:44', 34, NULL),
(36, 'Крупа', '20211020_Крупы.jpg', 10, 1, '2021-10-20 19:11:30', '2021-10-20 19:11:30', 0, NULL),
(37, 'Геркулес, Овсянка', '20211020_геркулес2.jpg', 10, 1, '2021-10-20 19:11:57', '2021-10-20 19:11:57', 36, NULL),
(38, 'Соусы', '20211022_соусы.jpg', 10, 1, '2021-10-22 12:49:34', '2021-10-22 12:49:34', 0, NULL),
(39, 'Горчица', '20211022_горчица.jpg', 10, 1, '2021-10-22 12:49:55', '2021-10-22 12:49:55', 38, NULL),
(40, 'Мясная продукция', '20211022_мясная продукция.jpg', 10, 1, '2021-10-22 19:34:10', '2021-10-22 19:34:10', 0, NULL),
(41, 'Сосиски', '20211022_сосиски.jpg', 10, 1, '2021-10-22 19:34:33', '2021-10-22 19:34:33', 40, NULL),
(42, 'Рыба и морепродукты', '20211023_Рыба и морепродукты.jpg', 10, 1, '2021-10-23 13:24:33', '2021-10-23 13:24:33', 0, NULL),
(43, 'Слабосоленая рыба', '20211023_слабосоленая рыба.jpg', 10, 1, '2021-10-23 13:25:01', '2021-10-23 13:25:01', 42, NULL),
(44, 'Сыр', '20211026_сыр.jpg', 10, 1, '2021-10-26 15:36:27', '2021-10-26 15:36:27', 24, NULL),
(45, 'Мучная продукция', '20211028_Мучная продукция.jpg', 10, 1, '2021-10-27 21:15:31', '2021-10-27 21:15:31', 0, NULL),
(46, 'Хлеб', '20211028_хлеб.jpg', 10, 1, '2021-10-27 21:16:29', '2021-10-27 21:16:29', 45, NULL);

-- --------------------------------------------------------

--
-- Структура таблицы `chosen_products`
--
-- Создание: Сен 30 2021 г., 03:43
-- Последнее обновление: Ноя 15 2021 г., 22:53
--

DROP TABLE IF EXISTS `chosen_products`;
CREATE TABLE `chosen_products` (
  `id` int(11) NOT NULL,
  `product_id` int(11) NOT NULL,
  `user_id` int(11) NOT NULL,
  `created_at` timestamp NULL DEFAULT CURRENT_TIMESTAMP,
  `updated_at` timestamp NULL DEFAULT NULL,
  `status` int(11) DEFAULT '1'
) ENGINE=InnoDB AVG_ROW_LENGTH=16384 DEFAULT CHARSET=utf8;

--
-- Дамп данных таблицы `chosen_products`
--

INSERT INTO `chosen_products` (`id`, `product_id`, `user_id`, `created_at`, `updated_at`, `status`) VALUES
(1, 1, 3, '2021-09-29 22:24:41', '2021-09-29 22:24:41', 1),
(2, 4, 12, '2021-10-06 22:31:13', '2021-10-06 22:31:13', 1),
(3, 8, 12, '2021-10-06 22:31:26', '2021-10-06 22:31:26', 1),
(4, 2, 12, '2021-10-06 22:32:01', '2021-10-06 22:32:01', 1),
(5, 2, 12, '2021-10-06 22:32:06', '2021-10-06 22:32:06', 1),
(6, 1, 9, '2021-10-07 11:29:37', '2021-10-07 11:29:37', 1),
(7, 1, 12, '2021-10-07 11:42:31', '2021-11-08 13:41:23', 0),
(8, 1, 12, '2021-10-07 11:43:36', '2021-10-07 11:43:36', 1),
(9, 1, 12, '2021-10-07 11:43:48', '2021-10-07 11:43:48', 1),
(10, 1, 12, '2021-10-07 11:50:37', '2021-10-07 11:50:37', 1),
(11, 1, 12, '2021-10-07 11:50:52', '2021-10-07 11:50:52', 1),
(12, 1, 12, '2021-10-07 11:50:54', '2021-10-07 11:50:54', 1),
(13, 1, 12, '2021-10-07 11:51:04', '2021-10-07 11:51:04', 1),
(14, 1, 12, '2021-10-07 11:51:32', '2021-10-07 11:51:32', 1),
(15, 1, 12, '2021-10-07 11:52:00', '2021-10-07 11:52:00', 1),
(16, 1, 12, '2021-10-07 11:54:41', '2021-10-07 11:54:41', 1),
(17, 7, 12, '2021-10-07 11:57:42', '2021-10-07 11:57:42', 1),
(18, 1, 9, '2021-10-07 12:11:16', '2021-10-07 12:11:16', 1),
(19, 1, 12, '2021-10-08 11:29:17', '2021-10-08 11:29:17', 1),
(20, 9, 12, '2021-10-09 12:07:14', '2021-10-09 12:07:14', 1),
(21, 0, 12, '2021-10-09 12:07:59', '2021-10-09 12:07:59', 1),
(22, 9, 12, '2021-10-09 12:08:59', '2021-10-09 12:08:59', 1),
(23, 9, 12, '2021-10-09 12:09:15', '2021-10-09 12:09:15', 1),
(24, 9, 12, '2021-10-09 12:10:20', '2021-10-09 12:10:20', 1),
(25, 9, 12, '2021-10-09 12:10:44', '2021-10-09 12:10:44', 1),
(26, 9, 12, '2021-10-09 12:11:07', '2021-10-09 12:11:07', 1),
(27, 9, 12, '2021-10-09 12:11:56', '2021-10-09 12:11:56', 1),
(28, 9, 12, '2021-10-09 12:12:14', '2021-10-09 12:12:14', 1),
(29, 9, 12, '2021-10-09 12:13:23', '2021-10-09 12:13:23', 1),
(30, 9, 12, '2021-10-09 12:14:17', '2021-10-09 12:14:17', 1),
(31, 9, 10, '2021-10-09 13:40:00', '2021-10-09 13:40:00', 1),
(32, 7, 14, '2021-10-12 18:54:10', '2021-10-12 18:54:10', 1),
(33, 382, 12, '2021-10-29 07:48:23', '2021-11-08 13:41:44', 0),
(34, 381, 10, '2021-11-01 10:36:59', '2021-11-01 10:36:59', 1),
(35, 383, 12, '2021-11-01 14:17:10', '2021-11-15 23:24:32', 0),
(36, 380, 12, '2021-11-03 13:34:58', '2021-11-15 23:46:12', 0),
(37, 382, 10, '2021-11-04 13:43:29', '2021-11-04 13:43:29', 1),
(38, 383, 10, '2021-11-04 13:43:41', '2021-11-04 13:43:41', 1),
(39, 11, 10, '2021-11-04 13:45:55', '2021-11-11 14:03:15', 1),
(40, 380, 10, '2021-11-04 13:53:15', '2021-11-04 13:53:15', 1),
(41, 380, 10, '2021-11-04 13:53:34', '2021-11-04 13:53:34', 1),
(42, 379, 12, '2021-11-04 23:49:15', '2021-11-08 13:47:14', 0),
(43, 382, 12, '2021-11-05 18:49:03', '2021-11-05 18:49:03', 1),
(44, 378, 12, '2021-11-05 19:07:38', '2021-11-08 13:45:28', 0),
(45, 381, 12, '2021-11-05 20:24:58', '2021-11-08 13:50:27', 0),
(46, 377, 12, '2021-11-05 20:35:59', '2021-11-08 13:50:43', 0),
(47, 376, 12, '2021-11-05 20:39:11', '2021-11-05 20:39:11', 1),
(48, 377, 10, '2021-11-05 21:10:08', '2021-11-05 21:10:08', 1),
(49, 375, 12, '2021-11-05 21:56:00', '2021-11-08 13:46:12', 0),
(50, 87, 10, '2021-11-05 22:41:42', '2021-11-05 22:41:42', 1),
(51, 382, 14, '2021-11-08 14:48:32', '2021-11-08 14:48:33', 0),
(52, 23, 14, '2021-11-08 14:48:51', '2021-11-08 18:37:37', 0),
(53, 374, 14, '2021-11-08 14:49:25', '2021-11-08 14:49:29', 1),
(54, 21, 14, '2021-11-08 14:51:09', '2021-11-08 14:51:09', 1),
(55, 70, 14, '2021-11-08 14:55:12', '2021-11-08 14:55:12', 1),
(56, 113, 14, '2021-11-08 15:26:11', '2021-11-08 16:18:34', 0),
(57, 283, 14, '2021-11-08 15:34:53', '2021-11-08 18:37:30', 0),
(58, 109, 14, '2021-11-08 16:20:26', '2021-11-08 16:20:26', 1),
(59, 117, 14, '2021-11-11 14:22:23', '2021-11-11 14:22:23', 1),
(60, 119, 14, '2021-11-11 14:22:31', '2021-11-11 14:22:33', 0),
(61, 31, 14, '2021-11-11 14:28:11', '2021-11-11 14:28:11', 1),
(62, 217, 14, '2021-11-11 14:32:44', '2021-11-11 14:33:26', 0),
(63, 180, 14, '2021-11-11 14:35:10', '2021-11-11 14:35:10', 1),
(64, 20, 14, '2021-11-11 14:37:08', '2021-11-11 14:37:08', 1),
(65, 25, 14, '2021-11-11 14:39:11', '2021-11-11 14:39:11', 1),
(66, 92, 14, '2021-11-11 14:57:40', '2021-11-11 14:57:47', 0),
(67, 21, 30, '2021-11-11 18:09:10', '2021-11-11 18:09:13', 0),
(68, 54, 30, '2021-11-11 18:21:22', '2021-11-11 18:21:22', 1),
(69, 384, 12, '2021-11-13 18:10:41', '2021-11-15 23:38:51', 0),
(70, 21, 12, '2021-11-13 18:16:15', '2021-11-13 19:30:27', 0),
(71, 23, 10, '2021-11-13 23:26:20', '2021-11-13 23:26:20', 1),
(72, 11, 12, '2021-11-15 22:48:31', '2021-11-15 23:22:18', 0),
(73, 378, 10, '2021-11-16 00:53:49', '2021-11-16 00:53:54', 0);

-- --------------------------------------------------------

--
-- Структура таблицы `gdekupit`
--
-- Создание: Окт 18 2021 г., 09:41
-- Последнее обновление: Ноя 11 2021 г., 16:22
--

DROP TABLE IF EXISTS `gdekupit`;
CREATE TABLE `gdekupit` (
  `id` int(11) NOT NULL,
  `product_id` int(11) DEFAULT NULL,
  `gdekupit_id` int(11) DEFAULT NULL,
  `created_at` timestamp NULL DEFAULT CURRENT_TIMESTAMP,
  `updated_at` timestamp NULL DEFAULT CURRENT_TIMESTAMP
) ENGINE=InnoDB DEFAULT CHARSET=utf8;

--
-- Дамп данных таблицы `gdekupit`
--

INSERT INTO `gdekupit` (`id`, `product_id`, `gdekupit_id`, `created_at`, `updated_at`) VALUES
(2, 40, 8, '2021-10-19 20:13:23', '2021-10-19 20:13:23'),
(3, 41, 7, '2021-10-20 19:21:53', '2021-10-20 19:21:53'),
(5, 43, 7, '2021-10-20 19:30:41', '2021-10-20 19:30:41'),
(6, 44, 7, '2021-10-20 19:38:52', '2021-10-20 19:38:52'),
(8, 46, 7, '2021-10-20 19:49:23', '2021-10-20 19:49:23'),
(10, 48, 22, '2021-10-20 19:56:50', '2021-10-20 19:56:50'),
(11, 49, 22, '2021-10-20 19:59:21', '2021-10-20 19:59:21'),
(12, 50, 22, '2021-10-20 20:04:12', '2021-10-20 20:04:12'),
(14, 52, 22, '2021-10-20 20:09:03', '2021-10-20 20:09:03'),
(19, 57, 22, '2021-10-20 20:40:06', '2021-10-20 20:40:06'),
(20, 58, 22, '2021-10-20 20:42:59', '2021-10-20 20:42:59'),
(24, 62, 22, '2021-10-20 20:53:47', '2021-10-20 20:53:47'),
(25, 63, 22, '2021-10-20 20:56:36', '2021-10-20 20:56:36'),
(30, 68, 22, '2021-10-20 21:09:59', '2021-10-20 21:09:59'),
(31, 69, 22, '2021-10-20 21:13:06', '2021-10-20 21:13:06'),
(36, 74, 9, '2021-10-21 11:06:59', '2021-10-21 11:06:59'),
(37, 75, 8, '2021-10-21 11:07:44', '2021-10-21 11:07:44'),
(38, 76, 8, '2021-10-21 11:08:22', '2021-10-21 11:08:22'),
(42, 77, 7, '2021-10-21 18:32:09', '2021-10-21 18:32:09'),
(52, 64, 9, '2021-10-22 09:25:51', '2021-10-22 09:25:51'),
(53, 64, 20, '2021-10-22 09:25:51', '2021-10-22 09:25:51'),
(64, 86, 9, '2021-10-22 10:56:38', '2021-10-22 10:56:38'),
(65, 56, 9, '2021-10-22 10:57:45', '2021-10-22 10:57:45'),
(66, 56, 22, '2021-10-22 10:57:45', '2021-10-22 10:57:45'),
(72, 47, 7, '2021-10-22 11:43:59', '2021-10-22 11:43:59'),
(77, 85, 9, '2021-10-22 12:26:50', '2021-10-22 12:26:50'),
(78, 84, 9, '2021-10-22 12:26:58', '2021-10-22 12:26:58'),
(79, 83, 9, '2021-10-22 12:27:10', '2021-10-22 12:27:10'),
(80, 82, 9, '2021-10-22 12:27:16', '2021-10-22 12:27:16'),
(81, 81, 9, '2021-10-22 12:27:21', '2021-10-22 12:27:21'),
(82, 80, 9, '2021-10-22 12:27:27', '2021-10-22 12:27:27'),
(83, 79, 9, '2021-10-22 12:27:32', '2021-10-22 12:27:32'),
(84, 78, 9, '2021-10-22 12:27:38', '2021-10-22 12:27:38'),
(85, 73, 20, '2021-10-22 12:27:53', '2021-10-22 12:27:53'),
(86, 72, 20, '2021-10-22 12:28:03', '2021-10-22 12:28:03'),
(87, 71, 20, '2021-10-22 12:30:13', '2021-10-22 12:30:13'),
(88, 70, 20, '2021-10-22 12:30:29', '2021-10-22 12:30:29'),
(89, 67, 22, '2021-10-22 12:31:15', '2021-10-22 12:31:15'),
(90, 66, 22, '2021-10-22 12:31:22', '2021-10-22 12:31:22'),
(91, 65, 22, '2021-10-22 12:31:30', '2021-10-22 12:31:30'),
(92, 61, 22, '2021-10-22 12:31:40', '2021-10-22 12:31:40'),
(93, 60, 22, '2021-10-22 12:31:51', '2021-10-22 12:31:51'),
(94, 59, 22, '2021-10-22 12:32:12', '2021-10-22 12:32:12'),
(114, 97, 7, '2021-10-22 15:29:05', '2021-10-22 15:29:05'),
(115, 98, 7, '2021-10-22 15:31:57', '2021-10-22 15:31:57'),
(116, 99, 7, '2021-10-22 15:36:25', '2021-10-22 15:36:25'),
(119, 100, 7, '2021-10-22 15:42:12', '2021-10-22 15:42:12'),
(120, 101, 7, '2021-10-22 15:45:21', '2021-10-22 15:45:21'),
(122, 103, 8, '2021-10-22 15:52:09', '2021-10-22 15:52:09'),
(123, 103, 26, '2021-10-22 15:52:09', '2021-10-22 15:52:09'),
(124, 104, 8, '2021-10-22 15:54:25', '2021-10-22 15:54:25'),
(133, 108, 20, '2021-10-22 18:06:14', '2021-10-22 18:06:14'),
(134, 107, 20, '2021-10-22 18:06:26', '2021-10-22 18:06:26'),
(135, 92, 22, '2021-10-22 18:06:38', '2021-10-22 18:06:38'),
(136, 91, 22, '2021-10-22 18:06:49', '2021-10-22 18:06:49'),
(137, 106, 8, '2021-10-22 18:07:06', '2021-10-22 18:07:06'),
(138, 106, 26, '2021-10-22 18:07:06', '2021-10-22 18:07:06'),
(139, 90, 26, '2021-10-22 18:07:17', '2021-10-22 18:07:17'),
(140, 89, 26, '2021-10-22 18:07:28', '2021-10-22 18:07:28'),
(141, 105, 8, '2021-10-22 18:07:38', '2021-10-22 18:07:38'),
(142, 105, 22, '2021-10-22 18:07:38', '2021-10-22 18:07:38'),
(143, 105, 26, '2021-10-22 18:07:38', '2021-10-22 18:07:38'),
(144, 102, 7, '2021-10-22 18:08:26', '2021-10-22 18:08:26'),
(145, 96, 7, '2021-10-22 18:09:03', '2021-10-22 18:09:03'),
(146, 95, 7, '2021-10-22 18:09:24', '2021-10-22 18:09:24'),
(147, 95, 22, '2021-10-22 18:09:24', '2021-10-22 18:09:24'),
(148, 93, 7, '2021-10-22 18:09:38', '2021-10-22 18:09:38'),
(149, 94, 7, '2021-10-22 18:09:48', '2021-10-22 18:09:48'),
(150, 51, 22, '2021-10-22 18:26:42', '2021-10-22 18:26:42'),
(151, 55, 22, '2021-10-22 18:27:19', '2021-10-22 18:27:19'),
(152, 54, 22, '2021-10-22 18:27:30', '2021-10-22 18:27:30'),
(153, 53, 22, '2021-10-22 18:27:40', '2021-10-22 18:27:40'),
(154, 45, 7, '2021-10-22 18:27:51', '2021-10-22 18:27:51'),
(155, 42, 7, '2021-10-22 18:28:14', '2021-10-22 18:28:14'),
(192, 142, 30, '2021-10-23 13:56:42', '2021-10-23 13:56:42'),
(193, 143, 31, '2021-10-23 13:59:20', '2021-10-23 13:59:20'),
(194, 144, 31, '2021-10-23 14:12:31', '2021-10-23 14:12:31'),
(195, 145, 31, '2021-10-23 14:15:06', '2021-10-23 14:15:06'),
(196, 146, 31, '2021-10-23 14:16:59', '2021-10-23 14:16:59'),
(197, 147, 31, '2021-10-23 14:28:15', '2021-10-23 14:28:15'),
(198, 148, 31, '2021-10-23 14:29:54', '2021-10-23 14:29:54'),
(201, 150, 22, '2021-10-23 14:34:09', '2021-10-23 14:34:09'),
(202, 151, 22, '2021-10-23 14:35:52', '2021-10-23 14:35:52'),
(203, 152, 22, '2021-10-23 14:37:39', '2021-10-23 14:37:39'),
(204, 153, 7, '2021-10-23 14:39:28', '2021-10-23 14:39:28'),
(206, 155, 7, '2021-10-23 15:06:07', '2021-10-23 15:06:07'),
(207, 156, 7, '2021-10-23 15:07:40', '2021-10-23 15:07:40'),
(208, 157, 23, '2021-10-23 15:09:07', '2021-10-23 15:09:07'),
(209, 158, 23, '2021-10-23 15:10:36', '2021-10-23 15:10:36'),
(210, 159, 23, '2021-10-23 15:13:23', '2021-10-23 15:13:23'),
(213, 162, 23, '2021-10-23 15:18:37', '2021-10-23 15:18:37'),
(214, 163, 23, '2021-10-23 15:20:38', '2021-10-23 15:20:38'),
(215, 164, 23, '2021-10-23 15:27:32', '2021-10-23 15:27:32'),
(218, 166, 23, '2021-10-23 15:30:05', '2021-10-23 15:30:05'),
(219, 167, 23, '2021-10-23 15:31:41', '2021-10-23 15:31:41'),
(220, 168, 23, '2021-10-23 15:32:47', '2021-10-23 15:32:47'),
(221, 169, 23, '2021-10-23 15:34:12', '2021-10-23 15:34:12'),
(222, 170, 23, '2021-10-23 15:35:31', '2021-10-23 15:35:31'),
(223, 171, 23, '2021-10-23 15:38:32', '2021-10-23 15:38:32'),
(228, 173, 23, '2021-10-23 16:14:44', '2021-10-23 16:14:44'),
(229, 174, 23, '2021-10-23 16:15:59', '2021-10-23 16:15:59'),
(230, 175, 23, '2021-10-23 16:17:35', '2021-10-23 16:17:35'),
(231, 176, 23, '2021-10-23 16:18:50', '2021-10-23 16:18:50'),
(232, 177, 23, '2021-10-23 16:24:20', '2021-10-23 16:24:20'),
(233, 178, 23, '2021-10-23 16:25:36', '2021-10-23 16:25:36'),
(234, 179, 23, '2021-10-23 16:28:06', '2021-10-23 16:28:06'),
(235, 180, 23, '2021-10-23 16:29:35', '2021-10-23 16:29:35'),
(241, 184, 20, '2021-10-23 16:52:12', '2021-10-23 16:52:12'),
(242, 185, 20, '2021-10-23 16:53:53', '2021-10-23 16:53:53'),
(243, 186, 20, '2021-10-23 16:55:25', '2021-10-23 16:55:25'),
(244, 186, 23, '2021-10-23 16:55:25', '2021-10-23 16:55:25'),
(245, 187, 20, '2021-10-23 16:57:01', '2021-10-23 16:57:01'),
(246, 187, 23, '2021-10-23 16:57:01', '2021-10-23 16:57:01'),
(248, 190, 8, '2021-10-23 17:03:27', '2021-10-23 17:03:27'),
(253, 194, 20, '2021-10-23 17:15:11', '2021-10-23 17:15:11'),
(254, 194, 26, '2021-10-23 17:15:11', '2021-10-23 17:15:11'),
(256, 197, 33, '2021-10-23 17:30:38', '2021-10-23 17:30:38'),
(257, 198, 33, '2021-10-23 17:32:51', '2021-10-23 17:32:51'),
(258, 199, 33, '2021-10-23 17:35:39', '2021-10-23 17:35:39'),
(259, 200, 31, '2021-10-23 17:37:37', '2021-10-23 17:37:37'),
(260, 201, 23, '2021-10-23 17:45:18', '2021-10-23 17:45:18'),
(261, 201, 31, '2021-10-23 17:45:18', '2021-10-23 17:45:18'),
(262, 202, 31, '2021-10-23 17:47:06', '2021-10-23 17:47:06'),
(263, 203, 31, '2021-10-25 17:44:38', '2021-10-25 17:44:38'),
(265, 204, 31, '2021-10-25 17:47:28', '2021-10-25 17:47:28'),
(266, 204, 34, '2021-10-25 17:47:28', '2021-10-25 17:47:28'),
(267, 205, 31, '2021-10-25 17:48:58', '2021-10-25 17:48:58'),
(268, 206, 31, '2021-10-25 17:51:01', '2021-10-25 17:51:01'),
(269, 207, 20, '2021-10-25 17:53:45', '2021-10-25 17:53:45'),
(270, 208, 31, '2021-10-25 17:55:39', '2021-10-25 17:55:39'),
(276, 211, 31, '2021-10-25 18:03:14', '2021-10-25 18:03:14'),
(279, 181, 23, '2021-10-25 19:51:04', '2021-10-25 19:51:04'),
(281, 141, 20, '2021-10-25 20:00:11', '2021-10-25 20:00:11'),
(282, 122, 20, '2021-10-25 20:00:30', '2021-10-25 20:00:30'),
(283, 126, 20, '2021-10-25 20:00:47', '2021-10-25 20:00:47'),
(284, 140, 20, '2021-10-25 20:01:10', '2021-10-25 20:01:10'),
(286, 138, 20, '2021-10-25 20:01:54', '2021-10-25 20:01:54'),
(287, 139, 20, '2021-10-25 20:02:11', '2021-10-25 20:02:11'),
(301, 195, 26, '2021-10-25 20:19:18', '2021-10-25 20:19:18'),
(302, 193, 26, '2021-10-25 20:20:26', '2021-10-25 20:20:26'),
(303, 191, 8, '2021-10-25 20:22:00', '2021-10-25 20:22:00'),
(304, 149, 22, '2021-10-25 20:39:36', '2021-10-25 20:39:36'),
(305, 137, 20, '2021-10-26 15:12:29', '2021-10-26 15:12:29'),
(306, 136, 20, '2021-10-26 15:12:42', '2021-10-26 15:12:42'),
(307, 135, 20, '2021-10-26 15:12:57', '2021-10-26 15:12:57'),
(308, 134, 20, '2021-10-26 15:13:12', '2021-10-26 15:13:12'),
(309, 133, 20, '2021-10-26 15:13:34', '2021-10-26 15:13:34'),
(310, 132, 20, '2021-10-26 15:14:46', '2021-10-26 15:14:46'),
(312, 125, 20, '2021-10-26 15:15:17', '2021-10-26 15:15:17'),
(313, 131, 20, '2021-10-26 15:15:43', '2021-10-26 15:15:43'),
(314, 130, 20, '2021-10-26 15:16:05', '2021-10-26 15:16:05'),
(315, 129, 20, '2021-10-26 15:16:24', '2021-10-26 15:16:24'),
(316, 111, 20, '2021-10-26 15:21:32', '2021-10-26 15:21:32'),
(317, 128, 20, '2021-10-26 15:21:45', '2021-10-26 15:21:45'),
(318, 121, 20, '2021-10-26 15:22:08', '2021-10-26 15:22:08'),
(319, 114, 20, '2021-10-26 15:22:33', '2021-10-26 15:22:33'),
(320, 113, 20, '2021-10-26 15:22:59', '2021-10-26 15:22:59'),
(321, 112, 20, '2021-10-26 15:23:20', '2021-10-26 15:23:20'),
(322, 127, 20, '2021-10-26 15:24:01', '2021-10-26 15:24:01'),
(323, 120, 20, '2021-10-26 15:25:01', '2021-10-26 15:25:01'),
(324, 124, 20, '2021-10-26 15:25:31', '2021-10-26 15:25:31'),
(325, 123, 20, '2021-10-26 15:25:54', '2021-10-26 15:25:54'),
(326, 119, 20, '2021-10-26 15:26:17', '2021-10-26 15:26:17'),
(327, 118, 20, '2021-10-26 15:26:34', '2021-10-26 15:26:34'),
(328, 116, 20, '2021-10-26 15:26:54', '2021-10-26 15:26:54'),
(329, 115, 20, '2021-10-26 15:27:14', '2021-10-26 15:27:14'),
(330, 110, 20, '2021-10-26 15:27:29', '2021-10-26 15:27:29'),
(331, 117, 20, '2021-10-26 15:27:45', '2021-10-26 15:27:45'),
(332, 109, 20, '2021-10-26 15:28:14', '2021-10-26 15:28:14'),
(333, 212, 23, '2021-10-27 20:47:44', '2021-10-27 20:47:44'),
(334, 212, 31, '2021-10-27 20:47:44', '2021-10-27 20:47:44'),
(335, 210, 23, '2021-10-27 20:47:52', '2021-10-27 20:47:52'),
(336, 210, 31, '2021-10-27 20:47:52', '2021-10-27 20:47:52'),
(337, 209, 7, '2021-10-27 20:48:00', '2021-10-27 20:48:00'),
(338, 209, 23, '2021-10-27 20:48:00', '2021-10-27 20:48:00'),
(339, 209, 31, '2021-10-27 20:48:00', '2021-10-27 20:48:00'),
(340, 192, 8, '2021-10-27 20:48:08', '2021-10-27 20:48:08'),
(341, 192, 23, '2021-10-27 20:48:08', '2021-10-27 20:48:08'),
(342, 188, 20, '2021-10-27 20:48:16', '2021-10-27 20:48:16'),
(343, 183, 20, '2021-10-27 20:48:24', '2021-10-27 20:48:24'),
(344, 183, 23, '2021-10-27 20:48:24', '2021-10-27 20:48:24'),
(345, 182, 7, '2021-10-27 20:48:30', '2021-10-27 20:48:30'),
(346, 182, 23, '2021-10-27 20:48:30', '2021-10-27 20:48:30'),
(347, 172, 7, '2021-10-27 20:48:38', '2021-10-27 20:48:38'),
(348, 172, 23, '2021-10-27 20:48:38', '2021-10-27 20:48:38'),
(349, 165, 22, '2021-10-27 20:48:46', '2021-10-27 20:48:46'),
(350, 165, 23, '2021-10-27 20:48:46', '2021-10-27 20:48:46'),
(351, 161, 23, '2021-10-27 20:48:52', '2021-10-27 20:48:52'),
(352, 160, 23, '2021-10-27 20:49:00', '2021-10-27 20:49:00'),
(353, 154, 7, '2021-10-27 20:49:08', '2021-10-27 20:49:08'),
(364, 283, 7, '2021-10-27 21:32:23', '2021-10-27 21:32:23'),
(365, 284, 7, '2021-10-27 21:34:54', '2021-10-27 21:34:54'),
(366, 286, 7, '2021-10-27 21:36:53', '2021-10-27 21:36:53'),
(367, 287, 7, '2021-10-27 21:37:56', '2021-10-27 21:37:56'),
(368, 288, 7, '2021-10-27 21:39:01', '2021-10-27 21:39:01'),
(369, 289, 7, '2021-10-27 21:39:44', '2021-10-27 21:39:44'),
(370, 290, 7, '2021-10-27 21:43:04', '2021-10-27 21:43:04'),
(371, 291, 7, '2021-10-27 21:44:00', '2021-10-27 21:44:00'),
(372, 293, 7, '2021-10-27 21:45:38', '2021-10-27 21:45:38'),
(373, 294, 7, '2021-10-27 21:47:45', '2021-10-27 21:47:45'),
(375, 296, 7, '2021-10-27 21:52:07', '2021-10-27 21:52:07'),
(376, 295, 7, '2021-10-27 21:52:15', '2021-10-27 21:52:15'),
(377, 297, 7, '2021-10-27 21:54:13', '2021-10-27 21:54:13'),
(378, 298, 7, '2021-10-27 21:56:34', '2021-10-27 21:56:34'),
(379, 299, 7, '2021-10-27 21:58:28', '2021-10-27 21:58:28'),
(380, 300, 7, '2021-10-27 22:00:01', '2021-10-27 22:00:01'),
(381, 301, 7, '2021-10-27 22:01:27', '2021-10-27 22:01:27'),
(382, 302, 7, '2021-10-27 22:03:58', '2021-10-27 22:03:58'),
(383, 303, 7, '2021-10-28 16:47:19', '2021-10-28 16:47:19'),
(384, 304, 7, '2021-10-28 16:50:00', '2021-10-28 16:50:00'),
(385, 305, 7, '2021-10-28 16:52:50', '2021-10-28 16:52:50'),
(386, 307, 7, '2021-10-28 16:55:47', '2021-10-28 16:55:47'),
(387, 308, 7, '2021-10-28 16:57:08', '2021-10-28 16:57:08'),
(388, 309, 7, '2021-10-28 16:59:10', '2021-10-28 16:59:10'),
(389, 310, 7, '2021-10-28 17:00:29', '2021-10-28 17:00:29'),
(390, 311, 7, '2021-10-28 17:02:52', '2021-10-28 17:02:52'),
(391, 312, 7, '2021-10-28 17:04:19', '2021-10-28 17:04:19'),
(392, 313, 7, '2021-10-28 17:05:34', '2021-10-28 17:05:34'),
(393, 314, 7, '2021-10-28 17:06:55', '2021-10-28 17:06:55'),
(394, 315, 7, '2021-10-28 17:21:49', '2021-10-28 17:21:49'),
(395, 316, 7, '2021-10-28 17:23:10', '2021-10-28 17:23:10'),
(396, 317, 7, '2021-10-28 17:24:40', '2021-10-28 17:24:40'),
(397, 318, 7, '2021-10-28 17:26:01', '2021-10-28 17:26:01'),
(398, 319, 7, '2021-10-28 17:27:44', '2021-10-28 17:27:44'),
(399, 320, 7, '2021-10-28 17:44:54', '2021-10-28 17:44:54'),
(400, 321, 7, '2021-10-28 17:46:14', '2021-10-28 17:46:14'),
(401, 322, 7, '2021-10-28 17:47:29', '2021-10-28 17:47:29'),
(402, 323, 7, '2021-10-28 17:49:05', '2021-10-28 17:49:05'),
(403, 324, 7, '2021-10-28 17:50:26', '2021-10-28 17:50:26'),
(404, 325, 7, '2021-10-28 17:51:44', '2021-10-28 17:51:44'),
(406, 327, 23, '2021-10-28 17:54:23', '2021-10-28 17:54:23'),
(407, 326, 23, '2021-10-28 17:54:32', '2021-10-28 17:54:32'),
(408, 328, 23, '2021-10-28 17:55:55', '2021-10-28 17:55:55'),
(409, 329, 23, '2021-10-28 18:00:53', '2021-10-28 18:00:53'),
(410, 330, 23, '2021-10-28 18:02:21', '2021-10-28 18:02:21'),
(411, 331, 23, '2021-10-28 18:04:00', '2021-10-28 18:04:00'),
(412, 332, 23, '2021-10-28 18:06:05', '2021-10-28 18:06:05'),
(413, 333, 23, '2021-10-28 18:12:04', '2021-10-28 18:12:04'),
(414, 334, 23, '2021-10-28 18:20:18', '2021-10-28 18:20:18'),
(415, 335, 23, '2021-10-28 18:21:31', '2021-10-28 18:21:31'),
(416, 336, 23, '2021-10-28 18:22:49', '2021-10-28 18:22:49'),
(417, 337, 23, '2021-10-28 18:24:06', '2021-10-28 18:24:06'),
(418, 338, 23, '2021-10-28 18:25:22', '2021-10-28 18:25:22'),
(419, 339, 23, '2021-10-28 18:29:26', '2021-10-28 18:29:26'),
(420, 340, 23, '2021-10-28 18:30:54', '2021-10-28 18:30:54'),
(421, 341, 23, '2021-10-28 18:31:52', '2021-10-28 18:31:52'),
(422, 342, 23, '2021-10-28 18:32:54', '2021-10-28 18:32:54'),
(423, 343, 23, '2021-10-28 18:35:07', '2021-10-28 18:35:07'),
(424, 344, 23, '2021-10-28 18:36:26', '2021-10-28 18:36:26'),
(425, 345, 23, '2021-10-28 18:51:26', '2021-10-28 18:51:26'),
(426, 346, 23, '2021-10-28 18:52:36', '2021-10-28 18:52:36'),
(427, 347, 23, '2021-10-28 18:53:41', '2021-10-28 18:53:41'),
(428, 348, 23, '2021-10-28 18:55:44', '2021-10-28 18:55:44'),
(429, 349, 23, '2021-10-28 18:56:49', '2021-10-28 18:56:49'),
(430, 350, 23, '2021-10-28 18:58:49', '2021-10-28 18:58:49'),
(431, 351, 23, '2021-10-28 19:00:24', '2021-10-28 19:00:24'),
(432, 352, 23, '2021-10-28 19:01:25', '2021-10-28 19:01:25'),
(433, 353, 23, '2021-10-28 19:02:48', '2021-10-28 19:02:48'),
(434, 354, 23, '2021-10-28 19:03:45', '2021-10-28 19:03:45'),
(435, 355, 23, '2021-10-28 19:05:01', '2021-10-28 19:05:01'),
(436, 356, 23, '2021-10-28 19:06:53', '2021-10-28 19:06:53'),
(437, 357, 23, '2021-10-28 19:10:12', '2021-10-28 19:10:12'),
(438, 359, 20, '2021-10-28 19:19:36', '2021-10-28 19:19:36'),
(439, 360, 20, '2021-10-28 19:21:06', '2021-10-28 19:21:06'),
(440, 361, 20, '2021-10-28 19:22:30', '2021-10-28 19:22:30'),
(441, 362, 20, '2021-10-28 19:24:25', '2021-10-28 19:24:25'),
(442, 363, 22, '2021-10-28 19:26:35', '2021-10-28 19:26:35'),
(443, 364, 22, '2021-10-28 19:29:11', '2021-10-28 19:29:11'),
(444, 365, 22, '2021-10-28 19:32:40', '2021-10-28 19:32:40'),
(445, 366, 22, '2021-10-28 19:33:50', '2021-10-28 19:33:50'),
(446, 367, 22, '2021-10-28 19:36:11', '2021-10-28 19:36:11'),
(447, 368, 22, '2021-10-28 19:37:51', '2021-10-28 19:37:51'),
(448, 369, 20, '2021-10-28 19:41:50', '2021-10-28 19:41:50'),
(449, 369, 22, '2021-10-28 19:41:50', '2021-10-28 19:41:50'),
(450, 370, 20, '2021-10-28 19:44:02', '2021-10-28 19:44:02'),
(451, 370, 22, '2021-10-28 19:44:02', '2021-10-28 19:44:02'),
(452, 371, 20, '2021-10-28 19:45:56', '2021-10-28 19:45:56'),
(453, 372, 22, '2021-10-28 19:47:48', '2021-10-28 19:47:48'),
(454, 373, 22, '2021-10-28 19:55:11', '2021-10-28 19:55:11'),
(455, 374, 22, '2021-10-28 19:57:20', '2021-10-28 19:57:20'),
(456, 375, 22, '2021-10-28 19:59:23', '2021-10-28 19:59:23'),
(457, 376, 8, '2021-10-28 20:00:13', '2021-10-28 20:00:13'),
(458, 377, 8, '2021-10-28 20:01:54', '2021-10-28 20:01:54'),
(459, 378, 8, '2021-10-28 20:04:33', '2021-10-28 20:04:33'),
(460, 379, 8, '2021-10-28 20:06:10', '2021-10-28 20:06:10'),
(461, 380, 8, '2021-10-28 20:07:33', '2021-10-28 20:07:33'),
(462, 381, 8, '2021-10-28 20:09:13', '2021-10-28 20:09:13'),
(463, 382, 8, '2021-10-28 20:10:43', '2021-10-28 20:10:43'),
(475, 384, 20, '2021-11-08 16:03:40', '2021-11-08 16:03:40'),
(479, 383, 23, '2021-11-08 16:09:06', '2021-11-08 16:09:06'),
(483, 24, 8, '2021-11-11 14:42:45', '2021-11-11 14:42:45'),
(485, 386, 9, '2021-11-11 18:14:37', '2021-11-11 18:14:37'),
(486, 385, 22, '2021-11-11 18:22:40', '2021-11-11 18:22:40');

-- --------------------------------------------------------

--
-- Структура таблицы `iconkachestva`
--
-- Создание: Окт 08 2021 г., 11:24
-- Последнее обновление: Ноя 11 2021 г., 16:22
--

DROP TABLE IF EXISTS `iconkachestva`;
CREATE TABLE `iconkachestva` (
  `id` int(11) NOT NULL,
  `product_id` int(11) DEFAULT NULL,
  `statusIkKach_id` int(11) DEFAULT NULL,
  `created_at` timestamp NULL DEFAULT CURRENT_TIMESTAMP,
  `updated_at` timestamp NULL DEFAULT CURRENT_TIMESTAMP
) ENGINE=InnoDB DEFAULT CHARSET=utf8;

--
-- Дамп данных таблицы `iconkachestva`
--

INSERT INTO `iconkachestva` (`id`, `product_id`, `statusIkKach_id`, `created_at`, `updated_at`) VALUES
(1, 1, 4, '2021-10-08 08:44:51', '2021-10-08 08:44:51'),
(2, 1, 5, '2021-10-08 08:45:53', '2021-10-08 08:45:53'),
(7, 8, 4, '2021-10-08 11:01:38', '2021-10-08 11:01:38'),
(9, 2, 4, '2021-10-14 17:42:37', '2021-10-14 17:42:37'),
(11, 16, 4, '2021-10-14 17:57:18', '2021-10-14 17:57:18'),
(13, 18, 5, '2021-10-15 12:37:11', '2021-10-15 12:37:11'),
(14, 19, 28, '2021-10-15 12:39:19', '2021-10-15 12:39:19'),
(15, 40, 5, '2021-10-19 20:13:23', '2021-10-19 20:13:23'),
(16, 74, 5, '2021-10-21 11:06:59', '2021-10-21 11:06:59'),
(17, 75, 4, '2021-10-21 11:07:44', '2021-10-21 11:07:44'),
(18, 76, 5, '2021-10-21 11:08:22', '2021-10-21 11:08:22'),
(21, 80, 4, '2021-10-22 12:27:27', '2021-10-22 12:27:27'),
(22, 80, 5, '2021-10-22 12:27:27', '2021-10-22 12:27:27'),
(23, 17, 4, '2021-10-22 12:37:28', '2021-10-22 12:37:28'),
(25, 100, 4, '2021-10-22 15:42:12', '2021-10-22 15:42:12'),
(26, 103, 4, '2021-10-22 15:52:09', '2021-10-22 15:52:09'),
(27, 104, 4, '2021-10-22 15:54:25', '2021-10-22 15:54:25'),
(30, 108, 4, '2021-10-22 18:06:14', '2021-10-22 18:06:14'),
(31, 108, 28, '2021-10-22 18:06:14', '2021-10-22 18:06:14'),
(32, 107, 4, '2021-10-22 18:06:26', '2021-10-22 18:06:26'),
(33, 107, 28, '2021-10-22 18:06:26', '2021-10-22 18:06:26'),
(34, 92, 4, '2021-10-22 18:06:38', '2021-10-22 18:06:38'),
(35, 92, 28, '2021-10-22 18:06:38', '2021-10-22 18:06:38'),
(36, 91, 4, '2021-10-22 18:06:49', '2021-10-22 18:06:49'),
(37, 91, 28, '2021-10-22 18:06:49', '2021-10-22 18:06:49'),
(38, 106, 4, '2021-10-22 18:07:06', '2021-10-22 18:07:06'),
(39, 106, 28, '2021-10-22 18:07:06', '2021-10-22 18:07:06'),
(40, 90, 4, '2021-10-22 18:07:17', '2021-10-22 18:07:17'),
(41, 90, 28, '2021-10-22 18:07:17', '2021-10-22 18:07:17'),
(42, 89, 4, '2021-10-22 18:07:28', '2021-10-22 18:07:28'),
(43, 89, 28, '2021-10-22 18:07:28', '2021-10-22 18:07:28'),
(44, 105, 4, '2021-10-22 18:07:38', '2021-10-22 18:07:38'),
(45, 102, 4, '2021-10-22 18:08:26', '2021-10-22 18:08:26'),
(46, 96, 4, '2021-10-22 18:09:03', '2021-10-22 18:09:03'),
(47, 96, 28, '2021-10-22 18:09:03', '2021-10-22 18:09:03'),
(48, 95, 4, '2021-10-22 18:09:24', '2021-10-22 18:09:24'),
(49, 95, 28, '2021-10-22 18:09:24', '2021-10-22 18:09:24'),
(50, 93, 4, '2021-10-22 18:09:38', '2021-10-22 18:09:38'),
(51, 93, 28, '2021-10-22 18:09:38', '2021-10-22 18:09:38'),
(52, 94, 4, '2021-10-22 18:09:48', '2021-10-22 18:09:48'),
(53, 88, 4, '2021-10-22 18:09:59', '2021-10-22 18:09:59'),
(54, 88, 28, '2021-10-22 18:09:59', '2021-10-22 18:09:59'),
(55, 87, 4, '2021-10-22 18:10:08', '2021-10-22 18:10:08'),
(56, 87, 28, '2021-10-22 18:10:08', '2021-10-22 18:10:08'),
(57, 30, 29, '2021-10-22 18:26:33', '2021-10-22 18:26:33'),
(58, 51, 29, '2021-10-22 18:26:42', '2021-10-22 18:26:42'),
(59, 36, 29, '2021-10-22 18:26:49', '2021-10-22 18:26:49'),
(60, 35, 29, '2021-10-22 18:27:07', '2021-10-22 18:27:07'),
(61, 55, 29, '2021-10-22 18:27:19', '2021-10-22 18:27:19'),
(62, 54, 29, '2021-10-22 18:27:30', '2021-10-22 18:27:30'),
(63, 53, 29, '2021-10-22 18:27:40', '2021-10-22 18:27:40'),
(64, 45, 29, '2021-10-22 18:27:51', '2021-10-22 18:27:51'),
(65, 31, 28, '2021-10-22 18:28:04', '2021-10-22 18:28:04'),
(66, 42, 28, '2021-10-22 18:28:14', '2021-10-22 18:28:14'),
(67, 34, 29, '2021-10-22 18:28:27', '2021-10-22 18:28:27'),
(68, 33, 29, '2021-10-22 18:28:37', '2021-10-22 18:28:37'),
(69, 29, 29, '2021-10-22 18:28:50', '2021-10-22 18:28:50'),
(70, 22, 29, '2021-10-22 18:28:59', '2021-10-22 18:28:59'),
(71, 21, 29, '2021-10-22 18:29:10', '2021-10-22 18:29:10'),
(72, 25, 29, '2021-10-22 18:29:19', '2021-10-22 18:29:19'),
(73, 23, 29, '2021-10-22 18:29:31', '2021-10-22 18:29:31'),
(74, 28, 29, '2021-10-22 18:29:46', '2021-10-22 18:29:46'),
(75, 27, 29, '2021-10-22 18:29:55', '2021-10-22 18:29:55'),
(76, 26, 29, '2021-10-22 18:30:05', '2021-10-22 18:30:05'),
(77, 20, 29, '2021-10-22 18:30:20', '2021-10-22 18:30:20'),
(78, 142, 28, '2021-10-23 13:56:42', '2021-10-23 13:56:42'),
(80, 143, 28, '2021-10-23 13:59:20', '2021-10-23 13:59:20'),
(81, 144, 28, '2021-10-23 14:12:31', '2021-10-23 14:12:31'),
(82, 145, 28, '2021-10-23 14:15:06', '2021-10-23 14:15:06'),
(83, 146, 28, '2021-10-23 14:16:59', '2021-10-23 14:16:59'),
(84, 147, 28, '2021-10-23 14:28:15', '2021-10-23 14:28:15'),
(85, 148, 28, '2021-10-23 14:29:54', '2021-10-23 14:29:54'),
(88, 150, 28, '2021-10-23 14:34:09', '2021-10-23 14:34:09'),
(89, 150, 32, '2021-10-23 14:34:09', '2021-10-23 14:34:09'),
(90, 151, 28, '2021-10-23 14:35:52', '2021-10-23 14:35:52'),
(91, 151, 32, '2021-10-23 14:35:52', '2021-10-23 14:35:52'),
(92, 153, 28, '2021-10-23 14:39:28', '2021-10-23 14:39:28'),
(93, 155, 28, '2021-10-23 15:06:07', '2021-10-23 15:06:07'),
(94, 162, 28, '2021-10-23 15:18:37', '2021-10-23 15:18:37'),
(95, 163, 28, '2021-10-23 15:20:38', '2021-10-23 15:20:38'),
(97, 169, 28, '2021-10-23 15:34:12', '2021-10-23 15:34:12'),
(98, 171, 28, '2021-10-23 15:38:32', '2021-10-23 15:38:32'),
(99, 173, 28, '2021-10-23 16:14:44', '2021-10-23 16:14:44'),
(100, 177, 28, '2021-10-23 16:24:20', '2021-10-23 16:24:20'),
(101, 178, 28, '2021-10-23 16:25:36', '2021-10-23 16:25:36'),
(102, 179, 28, '2021-10-23 16:28:06', '2021-10-23 16:28:06'),
(103, 180, 28, '2021-10-23 16:29:35', '2021-10-23 16:29:35'),
(105, 184, 28, '2021-10-23 16:52:12', '2021-10-23 16:52:12'),
(106, 185, 28, '2021-10-23 16:53:53', '2021-10-23 16:53:53'),
(107, 186, 28, '2021-10-23 16:55:25', '2021-10-23 16:55:25'),
(108, 187, 28, '2021-10-23 16:57:01', '2021-10-23 16:57:01'),
(110, 189, 28, '2021-10-23 16:59:43', '2021-10-23 16:59:43'),
(112, 194, 28, '2021-10-23 17:15:11', '2021-10-23 17:15:11'),
(113, 196, 28, '2021-10-23 17:28:46', '2021-10-23 17:28:46'),
(114, 197, 28, '2021-10-23 17:30:38', '2021-10-23 17:30:38'),
(115, 199, 28, '2021-10-23 17:35:39', '2021-10-23 17:35:39'),
(116, 203, 28, '2021-10-25 17:44:38', '2021-10-25 17:44:38'),
(118, 141, 28, '2021-10-25 20:00:11', '2021-10-25 20:00:11'),
(119, 141, 35, '2021-10-25 20:00:11', '2021-10-25 20:00:11'),
(120, 141, 36, '2021-10-25 20:00:11', '2021-10-25 20:00:11'),
(121, 122, 28, '2021-10-25 20:00:30', '2021-10-25 20:00:30'),
(122, 122, 35, '2021-10-25 20:00:30', '2021-10-25 20:00:30'),
(123, 122, 36, '2021-10-25 20:00:30', '2021-10-25 20:00:30'),
(124, 126, 28, '2021-10-25 20:00:47', '2021-10-25 20:00:47'),
(125, 126, 35, '2021-10-25 20:00:47', '2021-10-25 20:00:47'),
(126, 126, 36, '2021-10-25 20:00:47', '2021-10-25 20:00:47'),
(127, 140, 28, '2021-10-25 20:01:10', '2021-10-25 20:01:10'),
(128, 140, 29, '2021-10-25 20:01:10', '2021-10-25 20:01:10'),
(129, 140, 35, '2021-10-25 20:01:10', '2021-10-25 20:01:10'),
(133, 138, 28, '2021-10-25 20:01:54', '2021-10-25 20:01:54'),
(134, 138, 35, '2021-10-25 20:01:54', '2021-10-25 20:01:54'),
(135, 139, 28, '2021-10-25 20:02:11', '2021-10-25 20:02:11'),
(136, 139, 29, '2021-10-25 20:02:11', '2021-10-25 20:02:11'),
(137, 139, 35, '2021-10-25 20:02:11', '2021-10-25 20:02:11'),
(153, 149, 28, '2021-10-25 20:39:36', '2021-10-25 20:39:36'),
(154, 137, 28, '2021-10-26 15:12:29', '2021-10-26 15:12:29'),
(155, 137, 29, '2021-10-26 15:12:29', '2021-10-26 15:12:29'),
(156, 137, 35, '2021-10-26 15:12:29', '2021-10-26 15:12:29'),
(157, 136, 28, '2021-10-26 15:12:42', '2021-10-26 15:12:42'),
(158, 136, 29, '2021-10-26 15:12:42', '2021-10-26 15:12:42'),
(159, 135, 28, '2021-10-26 15:12:57', '2021-10-26 15:12:57'),
(160, 135, 29, '2021-10-26 15:12:57', '2021-10-26 15:12:57'),
(161, 134, 28, '2021-10-26 15:13:12', '2021-10-26 15:13:12'),
(162, 134, 29, '2021-10-26 15:13:12', '2021-10-26 15:13:12'),
(163, 133, 4, '2021-10-26 15:13:34', '2021-10-26 15:13:34'),
(164, 133, 28, '2021-10-26 15:13:34', '2021-10-26 15:13:34'),
(165, 133, 29, '2021-10-26 15:13:34', '2021-10-26 15:13:34'),
(166, 132, 4, '2021-10-26 15:14:46', '2021-10-26 15:14:46'),
(167, 132, 28, '2021-10-26 15:14:46', '2021-10-26 15:14:46'),
(168, 132, 29, '2021-10-26 15:14:46', '2021-10-26 15:14:46'),
(171, 125, 4, '2021-10-26 15:15:17', '2021-10-26 15:15:17'),
(172, 125, 28, '2021-10-26 15:15:17', '2021-10-26 15:15:17'),
(173, 125, 29, '2021-10-26 15:15:17', '2021-10-26 15:15:17'),
(174, 131, 28, '2021-10-26 15:15:43', '2021-10-26 15:15:43'),
(175, 131, 29, '2021-10-26 15:15:43', '2021-10-26 15:15:43'),
(176, 130, 4, '2021-10-26 15:16:05', '2021-10-26 15:16:05'),
(177, 130, 28, '2021-10-26 15:16:05', '2021-10-26 15:16:05'),
(178, 130, 29, '2021-10-26 15:16:05', '2021-10-26 15:16:05'),
(179, 129, 4, '2021-10-26 15:16:24', '2021-10-26 15:16:24'),
(180, 129, 28, '2021-10-26 15:16:24', '2021-10-26 15:16:24'),
(181, 129, 29, '2021-10-26 15:16:24', '2021-10-26 15:16:24'),
(182, 111, 4, '2021-10-26 15:21:32', '2021-10-26 15:21:32'),
(183, 111, 28, '2021-10-26 15:21:32', '2021-10-26 15:21:32'),
(184, 111, 29, '2021-10-26 15:21:32', '2021-10-26 15:21:32'),
(185, 128, 28, '2021-10-26 15:21:45', '2021-10-26 15:21:45'),
(186, 121, 4, '2021-10-26 15:22:08', '2021-10-26 15:22:08'),
(187, 121, 28, '2021-10-26 15:22:08', '2021-10-26 15:22:08'),
(188, 114, 28, '2021-10-26 15:22:33', '2021-10-26 15:22:33'),
(189, 113, 4, '2021-10-26 15:22:59', '2021-10-26 15:22:59'),
(190, 113, 28, '2021-10-26 15:22:59', '2021-10-26 15:22:59'),
(191, 113, 29, '2021-10-26 15:22:59', '2021-10-26 15:22:59'),
(192, 112, 28, '2021-10-26 15:23:20', '2021-10-26 15:23:20'),
(193, 127, 28, '2021-10-26 15:24:01', '2021-10-26 15:24:01'),
(194, 127, 29, '2021-10-26 15:24:01', '2021-10-26 15:24:01'),
(195, 120, 28, '2021-10-26 15:25:01', '2021-10-26 15:25:01'),
(196, 120, 29, '2021-10-26 15:25:01', '2021-10-26 15:25:01'),
(197, 124, 4, '2021-10-26 15:25:31', '2021-10-26 15:25:31'),
(198, 124, 28, '2021-10-26 15:25:31', '2021-10-26 15:25:31'),
(199, 124, 29, '2021-10-26 15:25:31', '2021-10-26 15:25:31'),
(200, 123, 4, '2021-10-26 15:25:54', '2021-10-26 15:25:54'),
(201, 123, 28, '2021-10-26 15:25:54', '2021-10-26 15:25:54'),
(202, 123, 29, '2021-10-26 15:25:54', '2021-10-26 15:25:54'),
(203, 119, 28, '2021-10-26 15:26:17', '2021-10-26 15:26:17'),
(204, 118, 4, '2021-10-26 15:26:34', '2021-10-26 15:26:34'),
(205, 118, 28, '2021-10-26 15:26:34', '2021-10-26 15:26:34'),
(206, 116, 28, '2021-10-26 15:26:54', '2021-10-26 15:26:54'),
(207, 115, 28, '2021-10-26 15:27:14', '2021-10-26 15:27:14'),
(208, 110, 28, '2021-10-26 15:27:29', '2021-10-26 15:27:29'),
(209, 117, 28, '2021-10-26 15:27:45', '2021-10-26 15:27:45'),
(210, 109, 4, '2021-10-26 15:28:14', '2021-10-26 15:28:14'),
(211, 109, 28, '2021-10-26 15:28:14', '2021-10-26 15:28:14'),
(212, 109, 29, '2021-10-26 15:28:14', '2021-10-26 15:28:14'),
(213, 262, 28, '2021-10-27 16:51:18', '2021-10-27 16:51:18'),
(214, 238, 28, '2021-10-27 16:51:35', '2021-10-27 16:51:35'),
(215, 237, 28, '2021-10-27 16:51:48', '2021-10-27 16:51:48'),
(216, 236, 28, '2021-10-27 16:51:59', '2021-10-27 16:51:59'),
(217, 261, 28, '2021-10-27 16:52:12', '2021-10-27 16:52:12'),
(218, 260, 28, '2021-10-27 16:53:22', '2021-10-27 16:53:22'),
(219, 259, 28, '2021-10-27 16:53:33', '2021-10-27 16:53:33'),
(220, 214, 28, '2021-10-27 16:53:59', '2021-10-27 16:53:59'),
(221, 258, 28, '2021-10-27 16:54:23', '2021-10-27 16:54:23'),
(222, 278, 28, '2021-10-27 16:54:57', '2021-10-27 16:54:57'),
(223, 279, 28, '2021-10-27 16:55:23', '2021-10-27 16:55:23'),
(224, 280, 28, '2021-10-27 16:55:44', '2021-10-27 16:55:44'),
(225, 281, 28, '2021-10-27 16:56:04', '2021-10-27 16:56:04'),
(226, 282, 28, '2021-10-27 16:57:29', '2021-10-27 16:57:29'),
(227, 257, 28, '2021-10-27 16:57:48', '2021-10-27 16:57:48'),
(228, 263, 28, '2021-10-27 16:58:07', '2021-10-27 16:58:07'),
(229, 264, 28, '2021-10-27 16:58:25', '2021-10-27 16:58:25'),
(230, 265, 28, '2021-10-27 16:58:43', '2021-10-27 16:58:43'),
(231, 255, 28, '2021-10-27 16:59:02', '2021-10-27 16:59:02'),
(232, 254, 28, '2021-10-27 16:59:12', '2021-10-27 16:59:12'),
(233, 253, 28, '2021-10-27 16:59:25', '2021-10-27 16:59:25'),
(234, 252, 28, '2021-10-27 16:59:37', '2021-10-27 16:59:37'),
(235, 251, 28, '2021-10-27 16:59:47', '2021-10-27 16:59:47'),
(236, 234, 28, '2021-10-27 16:59:58', '2021-10-27 16:59:58'),
(237, 231, 28, '2021-10-27 17:00:11', '2021-10-27 17:00:11'),
(238, 230, 28, '2021-10-27 17:00:24', '2021-10-27 17:00:24'),
(239, 229, 28, '2021-10-27 17:00:39', '2021-10-27 17:00:39'),
(240, 228, 28, '2021-10-27 17:01:02', '2021-10-27 17:01:02'),
(241, 233, 28, '2021-10-27 17:01:25', '2021-10-27 17:01:25'),
(242, 213, 28, '2021-10-27 17:01:43', '2021-10-27 17:01:43'),
(243, 227, 28, '2021-10-27 17:01:53', '2021-10-27 17:01:53'),
(244, 224, 28, '2021-10-27 17:02:00', '2021-10-27 17:02:00'),
(245, 220, 28, '2021-10-27 17:02:08', '2021-10-27 17:02:08'),
(246, 219, 28, '2021-10-27 17:02:20', '2021-10-27 17:02:20'),
(247, 218, 28, '2021-10-27 17:02:30', '2021-10-27 17:02:30'),
(248, 217, 28, '2021-10-27 17:02:40', '2021-10-27 17:02:40'),
(250, 268, 28, '2021-10-27 17:03:01', '2021-10-27 17:03:01'),
(251, 269, 28, '2021-10-27 17:03:17', '2021-10-27 17:03:17'),
(252, 270, 28, '2021-10-27 17:03:37', '2021-10-27 17:03:37'),
(253, 271, 28, '2021-10-27 17:03:53', '2021-10-27 17:03:53'),
(254, 274, 28, '2021-10-27 17:04:18', '2021-10-27 17:04:18'),
(255, 223, 28, '2021-10-27 17:04:33', '2021-10-27 17:04:33'),
(256, 222, 28, '2021-10-27 17:04:40', '2021-10-27 17:04:40'),
(257, 272, 28, '2021-10-27 17:05:12', '2021-10-27 17:05:12'),
(258, 221, 28, '2021-10-27 17:05:28', '2021-10-27 17:05:28'),
(259, 216, 28, '2021-10-27 17:05:38', '2021-10-27 17:05:38'),
(260, 215, 28, '2021-10-27 17:05:47', '2021-10-27 17:05:47'),
(261, 266, 28, '2021-10-27 17:05:58', '2021-10-27 17:05:58'),
(262, 267, 28, '2021-10-27 17:06:12', '2021-10-27 17:06:12'),
(263, 192, 28, '2021-10-27 20:48:08', '2021-10-27 20:48:08'),
(264, 188, 28, '2021-10-27 20:48:16', '2021-10-27 20:48:16'),
(265, 183, 28, '2021-10-27 20:48:24', '2021-10-27 20:48:24'),
(266, 165, 28, '2021-10-27 20:48:46', '2021-10-27 20:48:46'),
(271, 286, 4, '2021-10-27 21:36:53', '2021-10-27 21:36:53'),
(272, 287, 4, '2021-10-27 21:37:56', '2021-10-27 21:37:56'),
(273, 290, 4, '2021-10-27 21:43:04', '2021-10-27 21:43:04'),
(274, 294, 4, '2021-10-27 21:47:45', '2021-10-27 21:47:45'),
(275, 306, 4, '2021-10-28 16:54:19', '2021-10-28 16:54:19'),
(276, 308, 4, '2021-10-28 16:57:08', '2021-10-28 16:57:08'),
(277, 315, 4, '2021-10-28 17:21:49', '2021-10-28 17:21:49'),
(278, 319, 4, '2021-10-28 17:27:44', '2021-10-28 17:27:44'),
(279, 333, 4, '2021-10-28 18:12:04', '2021-10-28 18:12:04'),
(280, 334, 4, '2021-10-28 18:20:18', '2021-10-28 18:20:18'),
(281, 335, 4, '2021-10-28 18:21:31', '2021-10-28 18:21:31'),
(282, 338, 4, '2021-10-28 18:25:22', '2021-10-28 18:25:22'),
(283, 339, 4, '2021-10-28 18:29:26', '2021-10-28 18:29:26'),
(284, 342, 4, '2021-10-28 18:32:54', '2021-10-28 18:32:54'),
(285, 348, 4, '2021-10-28 18:55:44', '2021-10-28 18:55:44'),
(286, 354, 4, '2021-10-28 19:03:45', '2021-10-28 19:03:45'),
(287, 359, 4, '2021-10-28 19:19:36', '2021-10-28 19:19:36'),
(288, 370, 4, '2021-10-28 19:44:02', '2021-10-28 19:44:02'),
(289, 371, 4, '2021-10-28 19:45:56', '2021-10-28 19:45:56'),
(290, 372, 4, '2021-10-28 19:47:48', '2021-10-28 19:47:48'),
(291, 373, 4, '2021-10-28 19:55:11', '2021-10-28 19:55:11'),
(292, 374, 4, '2021-10-28 19:57:20', '2021-10-28 19:57:20'),
(293, 376, 4, '2021-10-28 20:00:13', '2021-10-28 20:00:13'),
(294, 378, 4, '2021-10-28 20:04:33', '2021-10-28 20:04:33'),
(295, 379, 4, '2021-10-28 20:06:10', '2021-10-28 20:06:10'),
(296, 381, 4, '2021-10-28 20:09:13', '2021-10-28 20:09:13'),
(308, 384, 4, '2021-11-08 16:03:40', '2021-11-08 16:03:40'),
(309, 384, 5, '2021-11-08 16:03:40', '2021-11-08 16:03:40'),
(310, 384, 28, '2021-11-08 16:03:40', '2021-11-08 16:03:40'),
(317, 383, 4, '2021-11-08 16:08:35', '2021-11-08 16:08:35'),
(330, 386, 5, '2021-11-11 18:14:37', '2021-11-11 18:14:37'),
(331, 386, 32, '2021-11-11 18:14:37', '2021-11-11 18:14:37'),
(332, 386, 36, '2021-11-11 18:14:37', '2021-11-11 18:14:37'),
(333, 385, 29, '2021-11-11 18:22:40', '2021-11-11 18:22:40'),
(334, 385, 32, '2021-11-11 18:22:40', '2021-11-11 18:22:40'),
(335, 385, 35, '2021-11-11 18:22:40', '2021-11-11 18:22:40');

-- --------------------------------------------------------

--
-- Структура таблицы `migrations`
--
-- Создание: Сен 30 2021 г., 03:43
--

DROP TABLE IF EXISTS `migrations`;
CREATE TABLE `migrations` (
  `id` int(10) UNSIGNED NOT NULL,
  `migration` varchar(255) COLLATE utf8mb4_unicode_ci NOT NULL,
  `batch` int(11) NOT NULL
) ENGINE=InnoDB AVG_ROW_LENGTH=2730 DEFAULT CHARSET=utf8mb4 COLLATE=utf8mb4_unicode_ci;

--
-- Дамп данных таблицы `migrations`
--

INSERT INTO `migrations` (`id`, `migration`, `batch`) VALUES
(1, '2016_06_01_000001_create_oauth_auth_codes_table', 1),
(2, '2016_06_01_000002_create_oauth_access_tokens_table', 1),
(3, '2016_06_01_000003_create_oauth_refresh_tokens_table', 1),
(4, '2016_06_01_000004_create_oauth_clients_table', 1),
(5, '2016_06_01_000005_create_oauth_personal_access_clients_table', 1),
(6, '2014_10_12_100000_create_password_resets_table', 2);

-- --------------------------------------------------------

--
-- Структура таблицы `oauth_access_tokens`
--
-- Создание: Сен 30 2021 г., 03:43
-- Последнее обновление: Ноя 16 2021 г., 23:28
--

DROP TABLE IF EXISTS `oauth_access_tokens`;
CREATE TABLE `oauth_access_tokens` (
  `id` varchar(100) COLLATE utf8mb4_unicode_ci NOT NULL,
  `user_id` bigint(20) UNSIGNED DEFAULT NULL,
  `client_id` bigint(20) UNSIGNED NOT NULL,
  `name` varchar(255) COLLATE utf8mb4_unicode_ci DEFAULT NULL,
  `scopes` text COLLATE utf8mb4_unicode_ci,
  `revoked` tinyint(1) NOT NULL,
  `created_at` timestamp NULL DEFAULT NULL,
  `updated_at` timestamp NULL DEFAULT NULL,
  `expires_at` datetime DEFAULT NULL
) ENGINE=InnoDB AVG_ROW_LENGTH=5461 DEFAULT CHARSET=utf8mb4 COLLATE=utf8mb4_unicode_ci;

--
-- Дамп данных таблицы `oauth_access_tokens`
--

INSERT INTO `oauth_access_tokens` (`id`, `user_id`, `client_id`, `name`, `scopes`, `revoked`, `created_at`, `updated_at`, `expires_at`) VALUES
('01285ee8cd20363dcbab226f2b6f8ed09416ee70e5a4eb0cae798480fdf04e7f723414d317250d9f', 12, 5, 'jm', '[]', 1, '2021-10-06 20:23:40', '2021-10-06 20:23:40', '2022-10-06 23:23:40'),
('0144d9f6d4a2195e17cf8f1ea4fd6e7883a92143e27d6f6b8ae69a552f72a4425a41773a1ea1b1a0', 12, 5, 'jm', '[]', 0, '2021-10-08 11:44:13', '2021-10-08 11:44:13', '2022-10-08 14:44:13'),
('02cd23ab7b99b382d88772e11431cb2b0cbb7daa5047224f92df5e78d303a9b48ae71fc1f1113607', 12, 5, 'jm', '[]', 0, '2021-10-06 21:02:18', '2021-10-06 21:02:18', '2022-10-07 00:02:18'),
('02ea77d76626d04c09f5829ba458cb94c529d208e39d60acd03c14421e87807968f9787c98fa40cb', 9, 5, 'jm', '[]', 0, '2021-10-20 05:23:06', '2021-10-20 05:23:06', '2022-10-20 08:23:06'),
('0b3998d4882be285d281e1078501b685e409c297b5ad616daf3f5738936addfb397f968f3393c331', 12, 5, 'jm', '[]', 1, '2021-10-08 21:14:49', '2021-10-08 21:14:49', '2022-10-09 00:14:49'),
('15778ae649db042971ffec500400e8feb20fba52ab2da44ebb3bbdd099026bb468299d0c16972ef1', 12, 5, 'jm', '[]', 1, '2021-10-28 21:43:22', '2021-10-28 21:43:22', '2022-10-29 00:43:22'),
('17a63540e37468cfe62c6de246101dd618c87c9d601c947fb98415d6905728a04a71723f619961c4', 30, 5, 'jm', '[]', 1, '2021-11-11 18:07:46', '2021-11-11 18:07:46', '2022-11-11 21:07:46'),
('18d5e682b73d883c101fe9d59bb3974aa56425cb9fe7d5159a6d85ce012724e74a7e8816b42be0e9', 14, 5, 'jm', '[]', 0, '2021-11-11 17:20:49', '2021-11-11 17:20:49', '2022-11-11 20:20:49'),
('1ccf2b3aacbc4c64e534cdd669dc75818a31082eca80b889be2a1fa8b0efe9639764a823e62f6d21', 10, 5, 'jm', '[]', 0, '2021-11-11 17:49:04', '2021-11-11 17:49:04', '2022-11-11 20:49:04'),
('1d15f180debe59a946d17c7650e3a6a4feba8586f87b8613ce7fd28cca30f5638c1cce708b712c35', 12, 5, 'jm', '[]', 0, '2021-11-16 20:43:23', '2021-11-16 20:43:23', '2022-11-16 23:43:23'),
('1f1e4be85da236266cc03d25aff9250d7199218629ff77934401255280f2e64dc7d637fe0afb5ea3', 9, 5, 'jm', '[]', 0, '2021-11-15 19:32:25', '2021-11-15 19:32:25', '2022-11-15 22:32:25'),
('223681fef3176702e1e95fd0d68f4c2a1ae1d2d69f25664586a89e5cbd916eab55b62717506af7c4', 14, 5, 'jm', '[]', 1, '2021-11-11 14:56:41', '2021-11-11 14:56:41', '2022-11-11 17:56:41'),
('231d7049f1bedbc121b617bfdf2fbce8fe3a7544ff73795d55d359709ead6410b3647897c9c4b564', 12, 5, 'jm', '[]', 0, '2021-10-06 10:51:30', '2021-10-06 10:51:30', '2022-10-06 13:51:30'),
('234f0e5195bb6ab0fe4c874f1e78b911854a7dc0cfd2b83a2a02cfcea809d53b60ffd14014a90e3a', 10, 5, 'jm', '[]', 1, '2021-11-11 13:56:15', '2021-11-11 13:56:15', '2022-11-11 16:56:15'),
('2564c77de46738d3c4b83cab8e6114a3f4388789068c2ebf309c0beca6617b53fd7497fc0c440499', 14, 5, 'jm', '[]', 0, '2021-11-11 17:20:50', '2021-11-11 17:20:50', '2022-11-11 20:20:50'),
('2688e62ccd427f96545df6582994c93edd900d5285a592528d73157a78468e49766d3c930e80e33e', 12, 5, 'jm', '[]', 1, '2021-11-09 21:50:30', '2021-11-09 21:50:30', '2022-11-10 00:50:30'),
('270f650648670c13750421cd7f059c8f2836f086b66a6d503cdf8c5f2713ef91332c708a2337dde4', 12, 5, 'jm', '[]', 1, '2021-10-08 12:26:25', '2021-10-08 12:26:25', '2022-10-08 15:26:25'),
('2a7de03f82706e2320767a45088b4faef78f24409f9e4ebdd32a3eafc29ab8c0a607afde6c783b76', 14, 5, 'jm', '[]', 0, '2021-11-08 18:27:59', '2021-11-08 18:27:59', '2022-11-08 21:27:59'),
('3030c6b0d38900864084d2abf44af5ff01846215967d019122f8c96bc27bace1c23612d184bba923', 12, 5, 'jm', '[]', 0, '2021-10-06 21:07:04', '2021-10-06 21:07:04', '2022-10-07 00:07:04'),
('310b3c454eea9dc5077223d5d265f3223079d68164146b3642a4bd7d3a19ace08e111a0e235550a7', 9, 5, 'jm', '[]', 0, '2021-11-15 19:41:07', '2021-11-15 19:41:07', '2022-11-15 22:41:07'),
('32535c29a4767c3f08114d803148e35a476b3202fb624e2d732fb8f62525d39ed945605721a571a0', 10, 5, 'jm', '[]', 0, '2021-11-11 17:49:04', '2021-11-11 17:49:04', '2022-11-11 20:49:04'),
('3741fae0ffba953e84d83c61c5300426a6636a20784a8e5213e1fb2f1911bce96ae5b11422478305', 12, 5, 'jm', '[]', 1, '2021-10-06 10:49:53', '2021-10-06 10:49:53', '2022-10-06 13:49:53'),
('3ff212a9194f6621ccec989887174a4f0994c76865c8368b71e2ec594880fb1344d9f5aeee01f0dd', 12, 5, 'jm', '[]', 0, '2021-10-06 21:17:07', '2021-10-06 21:17:07', '2022-10-07 00:17:07'),
('4403ec24b423cd13c06bbc1b2b56dc0a5a578645bd05657eab6bb1992636d26dd5743964051ab2ff', 12, 5, 'jm', '[]', 1, '2021-11-03 10:30:46', '2021-11-03 10:30:46', '2022-11-03 13:30:46'),
('45213ef5786839ae0e0631b02568c97b72988c97917b941702799d858b8dc1b327c433a93ebfd694', 12, 5, 'jm', '[]', 1, '2021-11-10 20:21:13', '2021-11-10 20:21:13', '2022-11-10 23:21:13'),
('4557e4904acc8bf171024c95427cb2eb30978d770bc725175a4b30ee317f2b7a0d163ff554e815ed', 10, 5, 'jm', '[]', 1, '2021-11-10 13:08:35', '2021-11-10 13:08:35', '2022-11-10 16:08:35'),
('4d8de1f07b5c529ae4a69c3714d53afe1ee7ad15906c8e7458dee28399eeda4a2d938531f40503e0', 12, 5, 'jm', '[]', 0, '2021-11-03 07:42:23', '2021-11-03 07:42:23', '2022-11-03 10:42:23'),
('4e626d5f4301d8e26cff4767017721824fbbb1bf31c0450252ebf6da931a67778fe0756e72af7b04', 14, 5, 'jm', '[]', 0, '2021-11-11 18:47:32', '2021-11-11 18:47:32', '2022-11-11 21:47:32'),
('4f1ebd0eaf4d4d871262806f8d717487557a74999e623524a244f48020f910fecff5a1def2c9cbc5', 12, 5, 'jm', '[]', 0, '2021-10-08 21:18:06', '2021-10-08 21:18:06', '2022-10-09 00:18:06'),
('4ff6be3d03e8a4ae5c003d2bc563e5017639b80712a1b20ba79d72bc02ce4b448cdb3a5d3f0eb7da', 12, 5, 'jm', '[]', 0, '2021-11-13 19:29:23', '2021-11-13 19:29:23', '2022-11-13 22:29:23'),
('5001d48153cee7a354f7501ee18ab7ab77ba6f3b050ac30e3e8b6c251625386b5ee865b71e33f7b8', 12, 5, 'jm', '[]', 0, '2021-11-15 23:21:54', '2021-11-15 23:21:54', '2022-11-16 02:21:54'),
('51d885763e4b8709f9575fa381d9ecb7470de9beee184a63d8f9f484e4aa0c688f9817eac91e2f47', 12, 5, 'jm', '[]', 0, '2021-11-15 22:26:58', '2021-11-15 22:26:58', '2022-11-16 01:26:58'),
('52c0f8e5e23b78db92b7f595d8d739e6429a33846b56a294e11b8cf751d7e69abe74f816b1fb6285', 9, 5, 'jm', '[]', 0, '2021-10-07 11:25:57', '2021-10-07 11:25:57', '2022-10-07 14:25:57'),
('52e93bcf89427863391e61a46dca6936716ab0c88af84c1d07e3e0aa9e21c1717dd1f1c77f52502e', 10, 5, 'jm', '[]', 0, '2021-10-22 19:38:46', '2021-10-22 19:38:46', '2022-10-22 22:38:46'),
('554208027098d0740ef8b9dbdc3074d0aa1fe6912a850d7615f9059142831a294ebd0236ae4e7542', 9, 5, 'jm', '[]', 0, '2021-10-07 12:17:44', '2021-10-07 12:17:44', '2022-10-07 15:17:44'),
('557393c811eaa4e5026a1c648e89cfb40e53dbe1ca0378774b3b265681d3185e9bc19ea7c1866bf9', 12, 5, 'jm', '[]', 0, '2021-10-08 19:37:25', '2021-10-08 19:37:25', '2022-10-08 22:37:25'),
('583dcf76dd4f567992338dadb33f9f46c4dc67dc251b52eab1ecef309219feddb73a212039d045d7', 12, 5, 'jm', '[]', 1, '2021-11-09 22:51:34', '2021-11-09 22:51:34', '2022-11-10 01:51:34'),
('58e257ae8acbf8c3519242a4971bc6454580013673a744b6c3f83870a064903c6973dd817b6138f5', 12, 5, 'jm', '[]', 0, '2021-11-10 20:17:53', '2021-11-10 20:17:53', '2022-11-10 23:17:53'),
('59daccc381e9e7b58b9b0b550ba103a95b068dcd021e2a4b0892719c55a61146414211c86c584ed0', 12, 5, 'jm', '[]', 0, '2021-11-05 13:02:23', '2021-11-05 13:02:23', '2022-11-05 16:02:23'),
('5d227a1b8d2b21fb9b8c58cfd1730832cc5ce12d68ce84ca6f45c810e929d34bdff4d1508366726a', 12, 5, 'jm', '[]', 0, '2021-10-08 12:19:37', '2021-10-08 12:19:37', '2022-10-08 15:19:37'),
('5eeaba79367751e0b849ceac3c39158f1f8a6a14c4a20e402df3a89d685d4156c0b3a5acf3f729db', 12, 5, 'jm', '[]', 1, '2021-11-09 22:34:33', '2021-11-09 22:34:33', '2022-11-10 01:34:33'),
('64c6aca8f746eda1437413526122f2df1443ae9dd6d510a63648754bb97082293f8c185f5f89aadb', 11, 5, 'jm', '[]', 0, '2021-10-05 12:17:58', '2021-10-05 12:17:58', '2022-10-05 15:17:58'),
('64d75b9b30be1d536a1b5e4280c972d7bf21ac7d3485fcffe5b8109e324556e5f0fa8d450a5499e3', 14, 5, 'jm', '[]', 0, '2021-11-11 14:21:17', '2021-11-11 14:21:17', '2022-11-11 17:21:17'),
('65d86bd0f08804cb2ba37d74c86c8fd260098717d92fb23d55df61b0727c000943995ff45b0331f3', 10, 5, 'jm', '[]', 0, '2021-10-08 23:22:05', '2021-10-08 23:22:05', '2022-10-09 02:22:05'),
('662ff2b2cf6f5858ea9f5a6bff294390b7132223435b69ef2f0828817990b63939d49468d9ad10f7', 9, 5, 'jm', '[]', 0, '2021-10-07 11:29:06', '2021-10-07 11:29:06', '2022-10-07 14:29:06'),
('69767c72c989b7fa9e90af8f03ca56b8539da4f1025ddb053c64d13bb4f3d6ab47e40aa242385644', 12, 5, 'jm', '[]', 0, '2021-10-05 21:53:55', '2021-10-05 21:53:55', '2022-10-06 00:53:55'),
('6ac9ffd2ed5a89bdf10c0f440f8055c6e00bad27e30bdb0746488ef0057db0525e88f74df1772e28', 12, 5, 'jm', '[]', 1, '2021-11-10 20:17:54', '2021-11-10 20:17:54', '2022-11-10 23:17:54'),
('6b13ea119cda88c68ca3d5230103c08c12e9e36bab6965f3fcd349a4c05dea562bbdf77084d101b3', 12, 5, 'jm', '[]', 1, '2021-11-10 14:12:08', '2021-11-10 14:12:08', '2022-11-10 17:12:08'),
('6bcfbc7e4fe704d91930633ea4bbc8423e9d7fa5c8d8b5dd5d8421da6eade80917594ec805c86415', 12, 5, 'jm', '[]', 0, '2021-10-08 14:33:35', '2021-10-08 14:33:35', '2022-10-08 17:33:35'),
('6dad41e86c55eda2c4876ec871f9f9cdf30f1278c1bb1c68536bedbd2a7f4df2eac344652802c614', 12, 5, 'jm', '[]', 1, '2021-11-03 10:22:17', '2021-11-03 10:22:17', '2022-11-03 13:22:17'),
('6e17dce0b0f176ece002b875a921a746ff5596fa5b2dbb871daeb948ade0f38703df2efd923c4603', 20, 5, 'jm', '[]', 0, '2021-11-03 07:41:50', '2021-11-03 07:41:50', '2022-11-03 10:41:50'),
('73f1e8d3b889c7a18f34e564d265c4bbf1af2a199cc1f2c09eba0d442006bf087c7fe34a5428d07f', 12, 5, 'jm', '[]', 1, '2021-11-10 22:47:25', '2021-11-10 22:47:25', '2022-11-11 01:47:25'),
('76a99231ae03d0cb059318fb1978e8fa41439ba92cfe7ed6bf618ec61f6bdc0d21ac52a6cac962c0', 11, 5, 'jm', '[]', 0, '2021-10-05 21:41:37', '2021-10-05 21:41:37', '2022-10-06 00:41:37'),
('792a5d7a10551b6c8409bf5e2a05adc03bafd9b5a4e3261c35945569e00b51b435012cfc7ce6b7e5', 12, 5, 'jm', '[]', 0, '2021-10-05 21:45:34', '2021-10-05 21:45:34', '2022-10-06 00:45:34'),
('7a199312abb6ca6dd4e9a984fe2fbf86d8617589140ecc840e54b39d99e253f08d1d8f0956c24c30', 12, 5, 'jm', '[]', 0, '2021-10-05 21:52:48', '2021-10-05 21:52:48', '2022-10-06 00:52:48'),
('89f2c88ac36703812d65d4c80b425a4e03fdd75828673ccecee322d151983e2e638b0fe29ed32e6c', 8, 5, 'jm', '[]', 0, '2021-11-03 07:26:00', '2021-11-03 07:26:00', '2022-11-03 10:26:00'),
('8b78c515e6d6adc0143a6f83d5f4fa81ebc942f666480f8e0b41e25c48edfe9c9c4b96ced0f05947', 12, 5, 'jm', '[]', 1, '2021-11-09 22:38:05', '2021-11-09 22:38:05', '2022-11-10 01:38:05'),
('8ba26aa3da5f570ebcc9f1d982221c83e1b6bcf6e60d611692c637c3aadfc3d1bb88e3280c6d5330', 9, 5, 'jm', '[]', 0, '2021-11-15 19:30:42', '2021-11-15 19:30:42', '2022-11-15 22:30:42'),
('8bc76009517d31a034238e9fe74611afac5bf35c4b2b265fc27f5b1b9f6429086f1d86dbd88a069c', 12, 5, 'jm', '[]', 1, '2021-10-08 13:10:25', '2021-10-08 13:10:25', '2022-10-08 16:10:25'),
('8e5bd9ed579dfd346b5fd5eb85b923c3d606247d90b7204a407039a06d21ac877b4ff806210e2eea', 10, 5, 'jm', '[]', 0, '2021-10-27 17:19:58', '2021-10-27 17:19:58', '2022-10-27 20:19:58'),
('9087575f66b86b63276d1fe46199f08ae11bdbd1bc1fabed6290430f015ed476c657fbf0e44804c0', 12, 5, 'jm', '[]', 0, '2021-10-08 11:29:16', '2021-10-08 11:29:16', '2022-10-08 14:29:16'),
('91847c71f38dc3927f943939450dc2dc00e8b84089a253071a0703eb6b878a31c2250e0d54ce6d04', 12, 5, 'jm', '[]', 1, '2021-11-09 20:55:47', '2021-11-09 20:55:47', '2022-11-09 23:55:47'),
('91b766eed9994931573f2e8cea86dc58898b2962aadc38d6a4f3a62c52e8a21f67ecddb044107a3c', 12, 5, 'jm', '[]', 1, '2021-11-10 20:28:19', '2021-11-10 20:28:19', '2022-11-10 23:28:19'),
('977d3cc5fbdfa1f06a55ae0540b2f35ea3cfc4340012857022eeb5730f7f81c47dd935088e5ce97b', 14, 5, 'jm', '[]', 0, '2021-11-11 17:20:50', '2021-11-11 17:20:50', '2022-11-11 20:20:50'),
('9be6bb102d34a99b70a2101383cfdc585e93b07b2831f31d07792f11ebd3b68129a5efec10420f6d', 14, 5, 'jm', '[]', 1, '2021-11-08 14:46:58', '2021-11-08 14:46:58', '2022-11-08 17:46:58'),
('9c3b4ddae9395baade4ba07ded419d81b369410a07e94219cade28d1101f2a2ed2293f4940112bec', 6, 1, 'jm', '[]', 0, '2021-09-29 05:27:18', '2021-09-29 05:27:18', '2022-09-29 08:27:18'),
('a522dd3933f13b5798aa5340fb0bedc14b0ebc9f640eb3b3bb3ce4474648e058199b1591ad45c9ff', 12, 5, 'jm', '[]', 0, '2021-11-15 23:18:14', '2021-11-15 23:18:14', '2022-11-16 02:18:14'),
('a5e0e5317eb536ea941dfce27b6d5121a42dc209acfca1e65a93e52cec266d4d984b2c07b99ad944', 12, 5, 'jm', '[]', 1, '2021-11-13 19:04:23', '2021-11-13 19:04:23', '2022-11-13 22:04:23'),
('a9f64bea73049004d0c5b1aae685f5369e4faef5d6c8200e3999174ef17f423b8fcbb12d82243547', 14, 5, 'jm', '[]', 0, '2021-11-11 17:51:53', '2021-11-11 17:51:53', '2022-11-11 20:51:53'),
('ae6965b5e3879d8ee1be87ef2864d22c4115a1bfea7dcd2bf3d9894244f5a0a5cd82630e60485b74', 12, 5, 'jm', '[]', 1, '2021-11-09 22:39:44', '2021-11-09 22:39:44', '2022-11-10 01:39:44'),
('aea452e984985f1b346d4623b7802c45efb0451cfc705faf2ed31976987cd8d4ba18849b7293358c', 14, 5, 'jm', '[]', 1, '2021-11-11 17:55:17', '2021-11-11 17:55:17', '2022-11-11 20:55:17'),
('b086180e73fd85b4c56bf176fe291320f65fdf4c7fad1da4e2e4c4808453e199fd7707048607abeb', 12, 5, 'jm', '[]', 0, '2021-10-07 11:42:19', '2021-10-07 11:42:19', '2022-10-07 14:42:19'),
('b0c1efea8f1256faf3426cad6abb63c27f283a8d0a966c58d802999103cf47888b81d601e6fce5d6', 12, 5, 'jm', '[]', 0, '2021-10-08 11:39:46', '2021-10-08 11:39:46', '2022-10-08 14:39:46'),
('b10397d4a5fbfdef04a33ed589be9afb7e932a594c59b01189da0d622e76032551c2c7a9b5b44fb2', 13, 5, 'jm', '[]', 0, '2021-10-05 21:46:10', '2021-10-05 21:46:10', '2022-10-06 00:46:10'),
('b7dad3a48adfe41ae7ddc3a2c09606c79d33fa573aa4e3bf7294cd547079c40e745f2e83ed7a6455', 10, 5, 'jm', '[]', 1, '2021-11-09 23:30:15', '2021-11-09 23:30:15', '2022-11-10 02:30:15'),
('ba4b6a807464f2c0803890158915ed432c003fa2039387823867c107f62ac209db1948d7bfea3ede', 11, 5, 'jm', '[]', 0, '2021-10-05 12:18:10', '2021-10-05 12:18:10', '2022-10-05 15:18:10'),
('bafba5e5119d796eafee326227266cef80dc32df99a2f9b8dacad5d4e5efc20077d2a655510253cf', 12, 5, 'jm', '[]', 1, '2021-11-15 23:17:40', '2021-11-15 23:17:40', '2022-11-16 02:17:40'),
('bdda070a9d2544f047e4b29c319cbc2f8254fe90de35dca71c8faeeb9340a2565c2557c316d80d5e', 12, 5, 'jm', '[]', 0, '2021-11-09 22:53:49', '2021-11-09 22:53:49', '2022-11-10 01:53:49'),
('c0edf06bbb026f44ff8232273320a4f905928fddf2a8acbd649f9c0dedc6d506a0083fc486679238', 12, 5, 'jm', '[]', 1, '2021-11-10 20:17:06', '2021-11-10 20:17:06', '2022-11-10 23:17:06'),
('c14ae5a0a644d3445b407049e357018062a677ba147bc18448ed90cc47524577610ebe4ddd9227b9', 4, 1, 'jm', '[]', 1, '2021-09-29 05:21:24', '2021-09-29 05:21:24', '2022-09-29 08:21:24'),
('c3e867d78649095a3287e6f0b562a759e91ce0918b04806e0e55f997db906f7d88ad4754c46ee62a', 14, 5, 'jm', '[]', 0, '2021-11-11 17:20:48', '2021-11-11 17:20:48', '2022-11-11 20:20:48'),
('c889d8b582ee8b52125d88442e38d34528ce78b6a1e3b8ffca4f63f32c66cf8d31334e9ea353515c', 12, 5, 'jm', '[]', 0, '2021-11-09 21:01:09', '2021-11-09 21:01:09', '2022-11-10 00:01:09'),
('ca8d0afdddb7e404a08c5e9a19cfddfaa1711d538e83fc3b620a32ee5f92e3f22984b1ed0486dcdf', 12, 5, 'jm', '[]', 1, '2021-11-09 22:42:59', '2021-11-09 22:42:59', '2022-11-10 01:42:59'),
('caabb90f6b2b6fee42cd57c68356741cfe46e29f105ab5696d346a537daa54621fd7c56601305645', 12, 5, 'jm', '[]', 1, '2021-10-08 13:04:41', '2021-10-08 13:04:41', '2022-10-08 16:04:41'),
('cde84ba385c9584d46d09f450aa3fab5983ebd6b62ce4f6a524cdfd53a05bc961c7b96850bf30c18', 12, 5, 'jm', '[]', 1, '2021-11-10 20:21:50', '2021-11-10 20:21:50', '2022-11-10 23:21:50'),
('ce0c1f13d91aa72e9459e79cd19c0aa00922d1c34fb30e9755eaf6d8c5d951f7fbcd69cb393716d7', 12, 5, 'jm', '[]', 0, '2021-10-22 19:36:07', '2021-10-22 19:36:07', '2022-10-22 22:36:07'),
('cead7ba6f06c3e5ad9dde8bb0ee0dc730a7a4eb261754e0d3091bcd62e98538298aca98654dc6616', 12, 5, 'jm', '[]', 1, '2021-10-06 10:30:09', '2021-10-06 10:30:09', '2022-10-06 13:30:09'),
('ceebcf498636fbf75b456b3a90fd42f79546f63d8bd0f2ea32fc0d4127e908bb9715fb694443d669', 14, 5, 'jm', '[]', 1, '2021-10-12 08:14:34', '2021-10-12 08:14:34', '2022-10-12 11:14:34'),
('cf6183e5d0ad4a95a5782bc9b65515d26da97c3cf728a64fbca3cce7dba9f83eb98178136981edc8', 12, 5, 'jm', '[]', 1, '2021-11-03 10:31:31', '2021-11-03 10:31:31', '2022-11-03 13:31:31'),
('cfe9ecddeccd498a1ebdce0c6f90c1f4d4aef103aaa58503cdb6dfdbdb6d8597e300f48dcc483d74', 12, 5, 'jm', '[]', 0, '2021-11-17 01:28:32', '2021-11-17 01:28:32', '2022-11-17 04:28:32'),
('d0539c8c507e6c4aef90d5448ba7f29128ebe6e9fccad72d01060e34f8daa5d6ef49cd6139fa258e', 4, 1, 'jm', '[]', 0, '2021-09-29 05:21:00', '2021-09-29 05:21:00', '2022-09-29 08:21:00'),
('d189d6307cf751fe7bcc1818261ff03b3bd7cbfd43db3b7dd1ee1acbbb6934e85746314629b3ac6f', 12, 5, 'jm', '[]', 1, '2021-11-03 07:44:12', '2021-11-03 07:44:12', '2022-11-03 10:44:12'),
('d6bf5e86ed5c22348cdeec3163bbebfcaa4596bafcb5367b572b2c0546e15d83de0fae79ff48247b', 12, 5, 'jm', '[]', 1, '2021-10-08 15:18:05', '2021-10-08 15:18:05', '2022-10-08 18:18:05'),
('d9c331fbd27000beeef12c72c6db71ef13c5a1442c6bad05f13468f6edb77a438208f5e18c264ec0', 9, 5, 'jm', '[]', 0, '2021-10-08 15:47:30', '2021-10-08 15:47:30', '2022-10-08 18:47:30'),
('da676a15e791f9fe796dadbb83ec691ab8f6711ce5d9cd9144844b306b38706f2386a54bf1d315de', 12, 5, 'jm', '[]', 1, '2021-11-09 22:38:59', '2021-11-09 22:38:59', '2022-11-10 01:38:59'),
('dc3017aff77ffbc85ed2ea66f688f93e932ea7fb6ee453919b2b33f8aec9c2001005e21c3f266053', 12, 5, 'jm', '[]', 1, '2021-11-05 19:28:38', '2021-11-05 19:28:38', '2022-11-05 22:28:38'),
('dc956557c91380596c9b272ca23c18be16d7f2f87fcb88e37edbc23fd4e0ad53fd559a16ad986383', 10, 5, 'jm', '[]', 1, '2021-11-11 14:02:33', '2021-11-11 14:02:33', '2022-11-11 17:02:33'),
('dee184df26e1c493f444e94d8871da26f9836f0b1f1f7d4a044edb6121e8d109b2b17ef34e50468e', 12, 5, 'jm', '[]', 1, '2021-10-08 12:34:58', '2021-10-08 12:34:58', '2022-10-08 15:34:58'),
('df917e899e3096b4773c3012b1aabfb7dd814cc59476e2205313ac6ca587d9c07eb67fd54613580c', 29, 5, 'jm', '[]', 1, '2021-11-11 18:05:03', '2021-11-11 18:05:03', '2022-11-11 21:05:03'),
('e466462cce615d0c4274acf0519f8eb1f76bdaf7d8f6c2f58c174c5ee82a07346e2b6e34747b8d69', 10, 5, 'jm', '[]', 0, '2021-11-11 17:49:02', '2021-11-11 17:49:02', '2022-11-11 20:49:02'),
('e46698128641b825f3cbfd0466d7f2da33c079b0871a9fc277c99e43aa8cf854266b047ad8a7594f', 12, 5, 'jm', '[]', 1, '2021-11-10 22:47:02', '2021-11-10 22:47:02', '2022-11-11 01:47:02'),
('e98fba60078712666861c408b764204ddf08a8ffe9fbc1f3e5c261903da858420abea7a71e86d9e6', 28, 5, 'jm', '[]', 0, '2021-11-08 17:33:43', '2021-11-08 17:33:43', '2022-11-08 20:33:43'),
('e992eb2e5ad365abcf9c4bff2720aef4588e78ee1e4f12428c1d129111a8bc78c9bea35a160d53c9', 12, 5, 'jm', '[]', 1, '2021-11-15 22:08:29', '2021-11-15 22:08:29', '2022-11-16 01:08:29'),
('ea27b5ee4b28a8c1a3c0515ca97259368a1f51b2ea303c8bbbe66fb23ba36388110a576b4070b1ec', 12, 5, 'jm', '[]', 1, '2021-11-03 10:29:45', '2021-11-03 10:29:45', '2022-11-03 13:29:45'),
('f0bf37941e7762b5a6f0e4f0af14eb547fd91ca3a9511d4b70d183a2b239ecb5d5a37ba4d615dd68', 9, 5, 'jm', '[]', 1, '2021-09-30 11:40:14', '2021-09-30 11:40:14', '2022-09-30 14:40:14'),
('f23e2c8f94afb0c3fd3bf4d444b6ce60b20da6ebf82fe128c186f234ed4706a6715abd62555fa0d8', 12, 5, 'jm', '[]', 0, '2021-11-10 22:49:42', '2021-11-10 22:49:42', '2022-11-11 01:49:42'),
('f713281ca69633a948e1ebc1fdd02976cff09caf693ea210ea9b5ec3d90dfeb3b3864381ba7d37b1', 10, 5, 'jm', '[]', 1, '2021-11-10 13:11:32', '2021-11-10 13:11:32', '2022-11-10 16:11:32'),
('f7864e9e0301a93a061def3819d70ef5a3a6ec14cf7f0a2623c867173fba135cff2ab5cde968e26f', 14, 5, 'jm', '[]', 0, '2021-11-11 17:20:49', '2021-11-11 17:20:49', '2022-11-11 20:20:49'),
('fbdb20c0a8b37a7b785a214b51965af78b52b59cf8c1c4e89668f4b2510b314c0a40b0ed311c4f91', 3, 3, 'jm', '[]', 0, '2021-09-29 18:11:36', '2021-09-29 18:11:36', '2022-09-29 21:11:36');

-- --------------------------------------------------------

--
-- Структура таблицы `oauth_auth_codes`
--
-- Создание: Сен 30 2021 г., 03:43
--

DROP TABLE IF EXISTS `oauth_auth_codes`;
CREATE TABLE `oauth_auth_codes` (
  `id` varchar(100) COLLATE utf8mb4_unicode_ci NOT NULL,
  `user_id` bigint(20) UNSIGNED NOT NULL,
  `client_id` bigint(20) UNSIGNED NOT NULL,
  `scopes` text COLLATE utf8mb4_unicode_ci,
  `revoked` tinyint(1) NOT NULL,
  `expires_at` datetime DEFAULT NULL
) ENGINE=InnoDB DEFAULT CHARSET=utf8mb4 COLLATE=utf8mb4_unicode_ci;

-- --------------------------------------------------------

--
-- Структура таблицы `oauth_clients`
--
-- Создание: Сен 30 2021 г., 03:43
--

DROP TABLE IF EXISTS `oauth_clients`;
CREATE TABLE `oauth_clients` (
  `id` bigint(20) UNSIGNED NOT NULL,
  `user_id` bigint(20) UNSIGNED DEFAULT NULL,
  `name` varchar(255) COLLATE utf8mb4_unicode_ci NOT NULL,
  `secret` varchar(100) COLLATE utf8mb4_unicode_ci DEFAULT NULL,
  `provider` varchar(255) COLLATE utf8mb4_unicode_ci DEFAULT NULL,
  `redirect` text COLLATE utf8mb4_unicode_ci NOT NULL,
  `personal_access_client` tinyint(1) NOT NULL,
  `password_client` tinyint(1) NOT NULL,
  `revoked` tinyint(1) NOT NULL,
  `created_at` timestamp NULL DEFAULT NULL,
  `updated_at` timestamp NULL DEFAULT NULL
) ENGINE=InnoDB AVG_ROW_LENGTH=8192 DEFAULT CHARSET=utf8mb4 COLLATE=utf8mb4_unicode_ci;

--
-- Дамп данных таблицы `oauth_clients`
--

INSERT INTO `oauth_clients` (`id`, `user_id`, `name`, `secret`, `provider`, `redirect`, `personal_access_client`, `password_client`, `revoked`, `created_at`, `updated_at`) VALUES
(1, NULL, 'Laravel Personal Access Client', 'B5u4XLThHI8GOFP23MfW1Sf5D3CH9Bhhm2IfpTwU', NULL, 'http://localhost', 1, 0, 0, '2021-09-29 05:09:18', '2021-09-29 05:09:18'),
(2, NULL, 'Laravel Password Grant Client', 'MXuGeYtSLvX9QhH8sqHKUHH9he8xurz1UW6ewszj', 'users', 'http://localhost', 0, 1, 0, '2021-09-29 05:09:18', '2021-09-29 05:09:18'),
(3, NULL, '12 Personal Access Client', 'uh8zG58tdU71FZqVeLaNwtYaSsWBLMSRFltfQT0z', NULL, 'http://localhost', 1, 0, 0, '2021-09-29 18:11:30', '2021-09-29 18:11:30'),
(4, NULL, '12 Password Grant Client', 'W5khMQazIwO1toXNJBG93rETGr7PjeF2nbpzrJ4w', 'users', 'http://localhost', 0, 1, 0, '2021-09-29 18:11:30', '2021-09-29 18:11:30'),
(5, NULL, 'Laravel Personal Access Client', 'pDe3mpiSI00QTdIRkhpmAl8TlGAhq3Tb61Sbv0qq', NULL, 'http://localhost', 1, 0, 0, '2021-09-30 11:39:39', '2021-09-30 11:39:39'),
(6, NULL, 'Laravel Password Grant Client', '2ffMuTID5s1PG6VKm7Lw1y6LjoIUtg5bPWkiDWK3', 'users', 'http://localhost', 0, 1, 0, '2021-09-30 11:39:39', '2021-09-30 11:39:39');

-- --------------------------------------------------------

--
-- Структура таблицы `oauth_personal_access_clients`
--
-- Создание: Сен 30 2021 г., 03:43
--

DROP TABLE IF EXISTS `oauth_personal_access_clients`;
CREATE TABLE `oauth_personal_access_clients` (
  `id` bigint(20) UNSIGNED NOT NULL,
  `client_id` bigint(20) UNSIGNED NOT NULL,
  `created_at` timestamp NULL DEFAULT NULL,
  `updated_at` timestamp NULL DEFAULT NULL
) ENGINE=InnoDB AVG_ROW_LENGTH=16384 DEFAULT CHARSET=utf8mb4 COLLATE=utf8mb4_unicode_ci;

--
-- Дамп данных таблицы `oauth_personal_access_clients`
--

INSERT INTO `oauth_personal_access_clients` (`id`, `client_id`, `created_at`, `updated_at`) VALUES
(1, 1, '2021-09-29 05:09:18', '2021-09-29 05:09:18'),
(2, 3, '2021-09-29 18:11:30', '2021-09-29 18:11:30'),
(3, 5, '2021-09-30 11:39:39', '2021-09-30 11:39:39');

-- --------------------------------------------------------

--
-- Структура таблицы `oauth_refresh_tokens`
--
-- Создание: Сен 30 2021 г., 03:43
--

DROP TABLE IF EXISTS `oauth_refresh_tokens`;
CREATE TABLE `oauth_refresh_tokens` (
  `id` varchar(100) COLLATE utf8mb4_unicode_ci NOT NULL,
  `access_token_id` varchar(100) COLLATE utf8mb4_unicode_ci NOT NULL,
  `revoked` tinyint(1) NOT NULL,
  `expires_at` datetime DEFAULT NULL
) ENGINE=InnoDB DEFAULT CHARSET=utf8mb4 COLLATE=utf8mb4_unicode_ci;

-- --------------------------------------------------------

--
-- Структура таблицы `password_resets`
--
-- Создание: Сен 30 2021 г., 03:43
-- Последнее обновление: Ноя 15 2021 г., 20:26
--

DROP TABLE IF EXISTS `password_resets`;
CREATE TABLE `password_resets` (
  `email` varchar(255) COLLATE utf8mb4_unicode_ci NOT NULL,
  `token` varchar(255) COLLATE utf8mb4_unicode_ci NOT NULL,
  `created_at` timestamp NULL DEFAULT NULL
) ENGINE=InnoDB AVG_ROW_LENGTH=16384 DEFAULT CHARSET=utf8mb4 COLLATE=utf8mb4_unicode_ci;

--
-- Дамп данных таблицы `password_resets`
--

INSERT INTO `password_resets` (`email`, `token`, `created_at`) VALUES
('admin@artean.ru', '$2y$10$pvg14.aMs/uLVnbSkps.eODAyNJLx1LpcPyYuwJWwGooKcfpfnaGS', '2021-10-22 19:36:16'),
('sokharev.s@mail.ru', '$2y$10$64kuJSTdJnb/RAmKrSUpmeVGLCY8EddW4TyhFrUibJ1r00qNzjg0a', '2021-11-11 14:19:58'),
('test@test.ru', '$2y$10$suwD7LvSyCnw8TGsvLj61OBa/rxKRD.Na6tr9eMWuhdFUoDZTLMaO', '2021-11-14 07:59:07'),
('isoboev.jamshed95@gmail.com', '$2y$10$f6ssCSHoty5DlyCtvssoq./3plCD0Y4YD6BxxpHfzB30EqM68mGsS', '2021-11-15 19:32:14'),
('obito2502@gmail.com', '$2y$10$.yFJum3ZzZRazM8JnMvJ1.AzehyWZIUeT5fcC2cz7J8DRiHkTrqcq', '2021-11-15 22:26:19');

-- --------------------------------------------------------

--
-- Структура таблицы `products`
--
-- Создание: Окт 18 2021 г., 09:40
-- Последнее обновление: Ноя 11 2021 г., 16:22
--

DROP TABLE IF EXISTS `products`;
CREATE TABLE `products` (
  `id` int(11) NOT NULL,
  `category_id` int(11) DEFAULT NULL,
  `nameProduct` text,
  `dopOpisanie` text,
  `imgProduct` text,
  `proizvoditel` text,
  `sostav` text,
  `nezhelDobavki` text,
  `kkal` varchar(100) DEFAULT NULL,
  `belki` varchar(100) DEFAULT NULL,
  `zhir` varchar(100) DEFAULT NULL,
  `uglevodi` varchar(100) DEFAULT NULL,
  `sahar` varchar(100) DEFAULT NULL,
  `kletchatka` varchar(100) DEFAULT NULL,
  `shtrihkod` varchar(255) DEFAULT NULL,
  `vivod_id` int(11) DEFAULT NULL,
  `add_user_id` int(11) DEFAULT NULL,
  `created_at` timestamp NULL DEFAULT CURRENT_TIMESTAMP,
  `updated_at` timestamp NULL DEFAULT CURRENT_TIMESTAMP,
  `status_id` int(11) DEFAULT '1'
) ENGINE=InnoDB AVG_ROW_LENGTH=8192 DEFAULT CHARSET=utf8;

--
-- Дамп данных таблицы `products`
--

INSERT INTO `products` (`id`, `category_id`, `nameProduct`, `dopOpisanie`, `imgProduct`, `proizvoditel`, `sostav`, `nezhelDobavki`, `kkal`, `belki`, `zhir`, `uglevodi`, `sahar`, `kletchatka`, `shtrihkod`, `vivod_id`, `add_user_id`, `created_at`, `updated_at`, `status_id`) VALUES
(11, 25, 'Творожный сыр Савушкин sveza воздушный с зеленью', NULL, '20211013_sveja.jpg', 'ОАО \"Савушкин продукт\"', 'Сыр творожный (молоко нормализованное пастеризованное, закваска, состоящая из мезофильных молочно кислых лактококов, ферментный препарат животного происхождения - пепсин, химозин), приправа сухая «Зелень» (лук сушеный дробленый, лук шнитт, зелень петрушки сушеная), соль (содержит агент антислеживающий - ферроцианид калия), ароматизаторы - «Микс Лук Шаллот», «Чесночный микс» (содержат антиокислитель - лимонная кислота)', NULL, '207', '6', '19', '3', NULL, NULL, '12436868539', 12, 10, '2021-10-13 14:37:37', '2021-10-13 14:45:14', 13),
(12, 25, 'Мягкий сливочный сыр а ла Каймак', NULL, '20211013_kajmak.jpg', 'Млекара Шабац А.Д. Шабац', 'Пастеризованные сливки, соль, закваска мезофильных молочнокислых микроорганизмов, молокосвертывающий ферментный препарат микробного происхождения', NULL, '240', '6', '24', '1', NULL, NULL, NULL, 12, 10, '2021-10-13 14:47:51', '2021-10-13 14:52:07', 13),
(13, 25, 'Мягкий сливочный сыр Сырко с садовыми овощами', NULL, '20211013_sirko.jpg', 'Млекара Шабац А.Д. Шабац', 'Молоко пастеризованное, пастеризованнаые овощи (лук, огурцы, лук-шалот, чеснок, укроп, глюкозно-фруктозный сироп, загустители модифицированный крахмал и камедь из семян рожкового дерева, сахар, регуляторы кислотности лимонная кислота и уксусная кислота), закваска молочнокислых бактерий, ферментный препарат молокосвертывающий микробиологического происхождения, соль поваренная пищевая', 'Выводы о продукте сделаны на основании информации, указанной на упаковке товара от 22.10.2021 года', '187', '4', '17', '3', NULL, NULL, NULL, 11, 10, '2021-10-13 14:55:14', '2021-10-22 12:38:09', 13),
(14, 25, 'Творожный сыр The cheese mag с грибами', NULL, '20211013_121423.jpg', 'ООО \"Любава\"', 'Творог (молоко, закваска чистых культур мезофильных, термофильных молочнокислых стрептококков), масло сливочное, сухое обезжиренное молоко (содержит лактозу),\r\nсоль, сухие грибы, вкусоароматическая композиция \"Грибы\" (кусочки сухих грибов (шампиньоны), усилитель вкуса Е621), концентрат молочного белка (сдержит лактозу), стабилизаторы: каррагинан, камедь рожкового дерева, пектин', 'Выводы о продукте сделаны на основании информации, указанной на упаковке товара от 22.10.2021 года', '260.1', '8', '23', '3', NULL, NULL, NULL, 10, 10, '2021-10-13 15:14:32', '2021-10-22 12:37:43', 13),
(15, 28, 'Bio max Биойогурт с наполнителем яблоко-злаки обогащенный бифидобактериями и пребиотиком', 'Массовая доля жира 1,5%', '20211013_jogutr.jpg', 'АО \"ВБД\"', 'А - Молоко нормализованное, наполнитель \"Яблоко-злаки\" (сахар, вода, кусочки яблока, яблочный сок, пшеница, яблочное пюре, крахмал кукурузный, ржаные отруби, концентрированный лимонный сок, стабилизатор - пектины, ароматизаторы, карамелизованный жженый сахар, овес пропаренный), пищевое волокно (пребиотик) - инулин, закваска, бифидобактерии; B - молоко нормализованное, молоко восстановленное, наполнитель \"Яблоко-злаки\" (сахар, вода, кусочки яблока, яблочный сок, пшеница, яблочное пюре, крахмал кукурузный, ржаные отруби, концентрированный лимонный сок, стабилизатор - пектины, ароматизаторы, карамелизованный жженый сахар, овес пропаренный), пищевое волокно (пребиотик) - инулин, закваска бифидобактерии. Продукт может содержать незначительное количество арахиса, орехов, глютена, яий и сои и продуктов их переработки.', NULL, '73.2', '2.12', '1', '11', NULL, NULL, NULL, 12, 10, '2021-10-13 15:33:08', '2021-10-15 12:27:36', 13),
(16, 28, 'Bio баланс биойогурт, обогащенный бифидобактериями, с гранатом', 'Массовая доля жира 1,0%', '20211013_bio-wqeer.jpg', 'АО \"ДАНОН РОССИЯ\"', 'Нормализованное молоко, сахар, вода, сок граната концентрированный, крахмал кукурузный, ароматизатор, краситель - кармины, натуральный ароматизатор, регулятор кислотности - лимонная кислота, закваска йогуртовых культур и пробиотических культур (бифидобактерий). Может содержать следы глютена. Количество молочнокислых микроорганизмов - не менее 1х10 в 7ой степ. КОЕ/г. Количество бифидобактерий - не менее 1х10 в 6ой степ. КОЕ/г.', NULL, '62', '3', '1', '10', '5', NULL, NULL, 12, 10, '2021-10-13 15:36:22', '2021-10-15 12:28:00', 13),
(17, 28, 'Деревенское молочко продукт кисломолочный биойогурт с наполнителем персик-маракуйя', 'Массовая доля жира 2,5%', '20211013_jogurt-dereven.jpg', 'ООО \"Деревенское молочко\"', 'Цельное молоко, обезжиренное молоко, сахар белый, молоко сухое обезжиренное, наполнитель \"персик-маракуйя\" (сахар, вода, пюре персика, концентрированный сок маракуйя, концентрированный сок апельсина; ароматизаторы: \"персик\", \"маракуйя\"; красители натуральные: каротин, аннато, сахарный колер; загуститель: пектин; консерванты: сорбат калия, бензоат натрия), закваска молочнокислых культур, биомасса бифидобактерий.', 'Выводы о продукте сделаны на основании информации, указанной на упаковке товара от 22.10.2021 года', '78', '2', '2', '11', '7', NULL, NULL, 10, 10, '2021-10-13 15:45:28', '2021-10-22 12:37:28', 13),
(20, 35, 'Оливки без косточки Iberica', NULL, '20211017_Оливки без косточки Iberica.jpg', 'Olive Line Int.', 'Вода, оливки без косточки, соль, усилитель вкуса и аромата: Е621; регуляторы кислотности: Е330, Е270; антиокислитель: Е300', 'Выводы о продукте сделаны на основании информации, указанной на упаковке товара от 22.10.2021 года', '145', '0.9', '15.0', '0', NULL, NULL, '8436024292350', 10, 10, '2021-10-17 18:19:14', '2021-10-22 12:37:07', 13),
(21, 35, 'Оливки с лососем ITLV', NULL, '20211017_Оливки с лососем ITLV.jpg', 'Aceitunas Guadalquivir, S.L.', 'Вода, оливки зеленые сорта мансанилья, 6% пасты из лосося в основном продукте (вода, лосось 40%, загуститель - альгинат натрия), соль, усилитель вкуса и аромата - глутамат натрия, регуляторы кислотности - лимонная и молочная кислоты, антиокислитель - аскорбиновая кислота', 'Выводы о продукте сделаны на основании информации, указанной на упаковке товара от 22.10.2021 года', '180', '1.1', '19.0', '0', NULL, NULL, '8410179002828', 10, 10, '2021-10-17 18:30:37', '2021-10-22 12:34:41', 13),
(22, 35, 'Оливки с креветкой ITLV', NULL, '20211017_Оливки с креветкой ITLV.jpg', 'Aceitunas Guadalquivir, S.L.', 'Вода, оливки зеленые сорта мансанилья, 6% пасты из креветок в основном продукте (вода, креветки 10%, загуститель - альгинат натрия) соль, усилитель вкуса и аромата - глутамат натрия, регуляторы кислотности - лимонная и молочная кислоты, антиокислитель - аскорбиновая кислота', 'Выводы о продукте сделаны на основании информации, указанной на упаковке товара от 22.10.2021 года', '145', '1.3', '15.0', '0', NULL, NULL, '8410179002873', 10, 10, '2021-10-17 18:35:01', '2021-10-22 12:36:51', 13),
(23, 35, 'Оливки зеленые фаршированные лимоном Olivissimo', NULL, '20211017_Оливки зеленые фаршированные лимоном Olivissimo.jpg', 'Aceitunas Guadalquivir, S.L.', 'Вода питьевая, оливки отборные сорта Мансанилья, соль, паста из лимона (лимон, стабилизатор: ароматизатор лимона, альгинат натрия Е401), усилитель вкуса и аромата: глутамат натрия Е621, регулятор кислотности: лимонная кислота Е330, молочная кислота Е270, антиоксидант: кислота аскорбиновая Е300', 'Выводы о продукте сделаны на основании информации, указанной на упаковке товара от 22.10.2021 года', '145', '1.0', '15.0', '0', NULL, '2.6', '4627129271058', 10, 10, '2021-10-17 18:43:08', '2021-10-22 12:36:09', 13),
(24, 35, 'Оливки зеленые фаршированные перцем халапенью Olivissimo', NULL, '20211017_Оливки зеленые фаршированные перцем халапенью Olivissimo.jpg', 'Aceitunas Guadalquivir, S.L.', 'Вода питьевая, оливки сорта Мансанилья, соль, паста из перца халапенью (вода питьевая, перец халапенью стабилизатор - альгинат натрия, гуаровая камедь, кальция хлорид, стабилизатор - сорбат калия, ароматизатор перца халапенью), регулятор кислотности: лимонная кислота Е330, молочная кислота Е270, антиоксидант: кислота аскорбиновая Е300', 'Выводы о продукте сделаны на основании информации, указанной на упаковке товара от 22.10.2021 года', '170', '0.8', '18.0', '0', NULL, '2.0', '4627129271645', 11, 14, '2021-10-17 18:56:08', '2021-11-11 14:42:45', 13),
(25, 35, 'Оливки зеленые фаршированные семгой Olivissimo', NULL, '20211017_Оливки зеленые фаршированные семгой Olivissimo.jpg', 'Aceitunas Guadalquivir, S.L.', 'Вода питьевая, оливки зеленые отборные сорта Мансанилья, паста из семги (семга, стабилизатор: альгинат натрия Е401), соль, усилитель вкуса и аромата: глутамат натрия Е621, регулятор кислотности: кислота лимонная Е330, антиокислитель: кислота аскорбиновая Е300', 'Выводы о продукте сделаны на основании информации, указанной на упаковке товара от 22.10.2021 года', '150', '1.1', '19.0', '0', NULL, '1.9', '4627129271096', 10, 10, '2021-10-17 19:04:00', '2021-10-22 12:35:55', 13),
(26, 35, 'Оливки с лимоном Бояринъ', NULL, '20211017_Оливки с лимоном Бояринъ.jpg', 'Aceitunera del Norte de Caceres (Acenorca)', 'Вода, оливки, 4,8% паштет из лимона (лимон, загуститель: альгинат натрия), соль, усилитель вкуса: глютамат натрия, регулятор кислотности: лимонная кислота и антиокислитель: аскорбиновая кислота', 'Выводы о продукте сделаны на основании информации, указанной на упаковке товара от 22.10.2021 года', '145', '10.0', '15.0', '0', NULL, NULL, '4602009321344', 10, 10, '2021-10-17 19:09:10', '2021-10-22 17:40:49', 13),
(27, 35, 'Оливки с сыром Бояринъ', NULL, '20211017_Оливки с сыром Бояринъ.jpg', 'Aceitunera del Norte de Caceres (Acenorca)', 'Вода, оливки, 4,8% сырный паштет (сырный порошок, загуститель: альгинат натрия), соль, усилитель вкуса: глютамат натрия, регулятор кислотности лимонная кислота и молочная кислота, антиокислитель: аскорбиновая кислота', 'Выводы о продукте сделаны на основании информации, указанной на упаковке товара от 22.10.2021 года', '148', '1.0', '17.4', '0', NULL, NULL, '4602009321368', 10, 10, '2021-10-17 19:13:54', '2021-10-22 12:34:51', 13),
(28, 35, 'Оливки с лососем Бояринъ', NULL, '20211017_Оливки с лососем Бояринъ.jpg', 'Aceitunera del Norte de Caceres (Acenorca)', 'Вода, оливки, 4,8% паста из лосося (лосось, загуститель: альгинат натрия), соль, усилитель вкуса: глутамат натрия, инозинат нария, гуанилат натрия, регулятор кислотности: лионная кислота, антиокислитель: аскорбиновая кислота', 'Выводы о продукте сделаны на основании информации, указанной на упаковке товара от 22.10.2021 года', '180', '1.1', '19.0', '0', NULL, NULL, '4602009321351', 10, 10, '2021-10-17 19:19:32', '2021-10-22 12:35:31', 13),
(29, 35, 'Оливки без косточки ITLV ЖБ', NULL, '20211017_Оливки без косточки ITLV ЖБ.jpg', 'Aceitunas Guadalquivir, S.L.', 'Вода, оливки зеленые, соль, усилитель вкуса и аромата- глутамат натрия, регуляторы кислотности - молочная и лимонная кислоты, антиокислитель - аскорбиновая кислота', 'Выводы о продукте сделаны на основании информации, указанной на упаковке товара от 22.10.2021 года', '163', '1.0', '17.0', '0', NULL, NULL, '8410179002750', 10, 10, '2021-10-17 19:23:41', '2021-10-22 12:34:33', 13),
(30, 35, 'Оливки без косточки Bonduelle', NULL, '20211017_olivki-bez-kostochki-bonduelle.png', 'INDASTRIAS ALIMENTARIAS DE NAVARRA', 'Вода питьевая, оливки без косточки, соль, регулятор кислотности: молочная и лимонная кислота, антиокислитель: аскорбиновая кислота, усилители вкуса и аромата: Е621, Е627, Е631', 'Выводы о продукте сделаны на основании информации, указанной на упаковке товара от 22.10.2021 года', '163', '1.0', '17.0', '0', NULL, NULL, '3083680714648', 10, 10, '2021-10-17 19:30:14', '2021-10-22 12:34:23', 13),
(31, 35, 'Оливки без косточки ITLV мягкая упаковка', NULL, '20211017_olivki-bez-kostochki-itlv.jpg', 'S.Coop.Andaluza LTDA', 'Вода, оливки зеленые сорта охибланка, соль, регуляторы кислотности - лимонная и молочная кислоты, антиокислитель - аскорбиновая кислота, консервант - сорбат калия', 'Выводы о продукте сделаны на основании информации, указанной на упаковке товара от 22.10.2021 года', '146', '0.9', '15.0', '0', NULL, NULL, '8410179006161', 11, 10, '2021-10-17 19:33:21', '2021-10-22 12:33:56', 13),
(32, 35, 'Оливки без косточек Iska Classic', NULL, '20211017_Оливки без косточек Iska Classic.jpg', 'Fruyper, S.A.', 'Оливки, вода, соль, регулятор кислотности: молочная кислота', NULL, '139', '0.9', '15.0', '0', NULL, NULL, '4002442809575', 12, 10, '2021-10-17 19:36:49', '2021-10-20 19:32:29', 13),
(33, 35, 'Оливки мансанилья с семгой Золотой глобус', NULL, '20211017_Оливки мансанилья с семгой Золотой глобус.jpg', 'DCOOP, S. COOP.AND', 'Вода, оливки, паста из семги (семга копченая, стабилизатор - альгинат натрия, ароматизатор семги), соль, усилитель вкуса и аромата - глутамат натрия и рибонуклеотид натрия, ароматизатор семги, регулятор кислотности - лимонная кислота, антиокислитель - аскорбиновая кислота', 'Выводы о продукте сделаны на основании информации, указанной на упаковке товара от 22.10.2021 года', '180', '1.1', '19.0', '0', NULL, NULL, '4612729496314', 10, 10, '2021-10-17 19:44:46', '2021-10-22 18:24:06', 13),
(34, 35, 'Оливки мансанилья с креветкой Золотой глобус', NULL, '20211017_Оливки мансанилья с креветкой Золотой глобус.jpg', 'DCOOP, S.COOP.AND', 'Вода, оливки, паста из креветки (креветочный порошок, стабилизатор - альгинат натрия, ароматизатор креветки), соль, регулятор кислотности - лимонная кислота, усилитель вкуса и аромата - глутамат натрия, ароматизатор креветки, антиокислитель - аскорбиновая кислота', 'Выводы о продукте сделаны на основании информации, указанной на упаковке товара от 22.10.2021 года', '141', '1.0', '15.0', '0', NULL, NULL, '4612729496352', 10, 10, '2021-10-17 19:50:22', '2021-10-22 12:33:32', 13),
(35, 35, 'Оливки мансанилья с анчоусом Bonduelle', NULL, '20211017_Оливки мансанилья с анчоусом Bonduelle.jpg', 'Industrias Alimentarias De Navarra', 'Оливки зеленые сорта Мансанилья, вода питьевая, анчоус, натуральный ароматизатор, соль, усилитель вкуса и аромата Е621, стабилизатор Е401, регуляторы кислотности (лимонная кислота и молочная кислота), антиокислитель аскорбиновая кислота', 'Выводы о продукте сделаны на основании информации, указанной на упаковке товара от 22.10.2021 года', '166.67', '2.17', '10.5', '5.1', NULL, NULL, '3083681097467', 10, 10, '2021-10-17 19:57:23', '2021-10-22 12:33:23', 13),
(36, 35, 'Оливки мансанилья с лимоном Bonduelle', NULL, '20211017_Оливки мансанилья с лимоном Bonduelle.jpg', 'Industrias Alimentarias De Navarra', 'Оливки зеленые сорта Мансанилья, вода питьевая, лимон, натуральный ароматизатор, соль, усилитель вкуса и аромата Е621, стабилизатор Е401, регуляторы кислотности (лимонная кислота и молочная кислота), антиокислитель аскорбиновая кислота', 'Выводы о продукте сделаны на основании информации, указанной на упаковке товара от 22.10.2021 года', '166.67', '2.17', '10,5', '5.1', NULL, NULL, '3083681093179', 10, 10, '2021-10-17 20:00:21', '2021-10-22 12:33:10', 13),
(41, 35, 'Оливки без косточек Spar olives green manzanilla pitted', NULL, '20211020_zaglushka.jpg', 'Osuna Mission S.L.', 'Оливки, вода, соль, молочная кислота, лимонная кислота, антиокислитель (аскорбиновая кислота)', NULL, '163', '1.0', '17.0', '0', NULL, '2.3', '8710671144478', 12, 10, '2021-10-20 19:21:53', '2021-10-20 19:23:01', 13),
(42, 35, 'Оливки с косточкой ITLV', NULL, '20211020_Оливки с косточкой ITLV.jpg', 'S.Coop.Andaluza LTDA', 'Оливки зеленые сорта охибланка, вода, соль, регуляторы кислотности - лимонная и молочная кислоты, антиокислитель - аскорбиновая кислота, консервант - сорбат калия', 'Выводы о продукте сделаны на основании информации, указанной на упаковке товара от 22.10.2021 года', '156', '0.9', '16.0', '0', NULL, NULL, '8410179006154', 11, 10, '2021-10-20 19:27:21', '2021-10-22 12:33:01', 13),
(43, 35, 'Оливки и маслины каламата с косточкой маринованные с оливковым маслом Delphi', NULL, '20211020_Оливки и маслины каламата с косточкой маринованные с оливковым маслом Delphi.jpg', 'Интерком Фудс С.A.', 'Оливки с косточкой; маслины Каламата с косточкой; морская соль; регулятор кислотности: молочная кислота; оливковое масло Extra Virgin; уксус винный; перец чили; орегано; базилик; чеснок', NULL, '189', '1.3', '18.4', '3.5', NULL, NULL, '5201306810323', 12, 10, '2021-10-20 19:30:41', '2021-10-20 19:31:55', 13),
(44, 35, 'Оливки с каперсами и перцем с добавлением масла Iska', NULL, '20211020_Оливки с каперсами и перцем с добавлением масла Iska.jpg', 'Anatolia Konservecilik Tarim Urunleri Gida Sanayi Ticaret A.S.', 'Зеленые оливки, растительное масло, каперсы, красный перец, чеснок, специи', NULL, '150', '1.29', '10.0', '0.89', NULL, NULL, '4620015270616', 12, 10, '2021-10-20 19:38:52', '2021-10-20 19:39:14', 13),
(45, 35, 'Оливки вердиаль пикантные Solato', NULL, '20211020_Оливки вердиаль пикантные Solato.jpg', 'Aceitunas Cazorla', 'Зеленые оливки надрезанные, вода, чеснок, перец, соль поваренная пищевая, уксус из пищевого сырья, специи (лавровый лист, орегано, тмин, душистый перец), усилители вкуса и аромата: Е621 и Е635, антиокислитель: Е300 и подсолнечное масло, консервант: сорбат калия Е202', 'Выводы о продукте сделаны на основании информации, указанной на упаковке товара от 22.10.2021 года', '184', '1.2', '19.0', '0', NULL, NULL, '4612756511608', 10, 10, '2021-10-20 19:42:17', '2021-10-22 12:32:50', 13),
(46, 35, 'Оливки с косточками Spar olives green manzanilla', NULL, '20211020_Оливки с косточками Spar olives green manzanilla.jpg', 'Osuna Mission S.L.', 'Оливки, вода, соль, молочная кислота, лимонная кислота, антиокислитель (аскорбиновая кислота)', NULL, '181', '1.1', '19.0', '0', NULL, '2.4', '87106711445553', 12, 10, '2021-10-20 19:49:23', '2021-10-20 19:49:27', 13),
(47, 35, 'Оливки с перцем Spar olives green manzanilla with pimento', NULL, '20211020_Оливки с перцем Spar olives green manzanilla with pimento.jpg', 'Osuna Mission S.L.', 'Вода, паста из перца 18% (перец 20%, стабилизаторы: альгинат натрия, гуаровая камедь; загуститель: хлористый кальций), соль, молочная кислота, лимонная кислота, антиокислитель (аскорбиновая кислота)', NULL, '145', '2.3', '15.0', '0', NULL, '2.3', '8710671144492', 12, 10, '2021-10-20 19:53:58', '2021-10-22 11:43:59', 13),
(48, 35, 'Оливки без косточки Красная цена', NULL, '20211020_olivki-bez-kostochki-krasnaya-tsena.jpg', 'ИООО \"Вастега\"', 'Оливки без косточки, вода питьевая, соль, регуляторы кислотности: кислота молочная, кислота лимонная, антиокислитель - кислота аскорбиновая', NULL, '180', '2.0', '16.0', '5.0', NULL, NULL, '4813515004779', 12, 10, '2021-10-20 19:56:50', '2021-10-20 19:56:55', 13),
(49, 35, 'Оливки без косточки халкидики греческие гигант Akropolive', NULL, '20211020_olivki-bez-kostochki-halkidiki-grecheskie-gigant-akropolive.jpg', 'Grekko fruta S.A.', 'Вода питьевая, оливки зеленые сорта \"Халкидики\" без косточки, соль морская, регуляторы кислотности: лимонная кислота, молочная кислота, антиокислитель: аскорбиновая кислота', NULL, '145', '1.1', '14.6', '1.0', NULL, NULL, '5213008770096', 12, 10, '2021-10-20 19:59:21', '2021-10-20 19:59:25', 13),
(50, 35, 'Оливки гордаль с косточкой selection Global Village', NULL, '20211020_zaglushka.jpg', 'ООО \"Корпоративный центр ИКС 5\"', 'Зеленые цельные оливки, вода, соль, регулятор кислотности: лимонная кислота, антиокислитель: аскорбиновая кислота', NULL, '120', '1.1', '12.0', '0.0', NULL, NULL, '4606038061516', 12, 10, '2021-10-20 20:04:12', '2021-10-20 20:04:19', 13),
(51, 35, 'Оливки мансанилья с голубым сыром Bonduelle', NULL, '20211020_olivki-mansanilya-s-golubym-syrom-bonduelle.jpg', 'INDASTRIAS ALIMENTARIAS DE NAVARRA', 'Оливки зеленые сорта Мансанилья, вода питьевая, голубой сыр (пастеризованное молоко, сычужный фермент, соль), натуральный ароматизатор, соль, усилитель вкуса и аромата Е621, стабилизатор Е401, регулятор кислотности (лимонная кислота и молочная кислота), антиокислитель аскорбиновая кислота', 'Выводы о продукте сделаны на основании информации, указанной на упаковке товара от 22.10.2021 года', '166,67', '2.17', '10.5', '2.1', NULL, NULL, '3083681097498', 10, 10, '2021-10-20 20:06:46', '2021-10-22 12:32:41', 13),
(52, 35, 'Оливки без косточки Global Village', NULL, '20211020_olivki-bez-kostochki-global-village.jpg', 'Aceitunas Cazorla', 'Вода, оливки зеленые без косточки сорт охибланка, соль морская пищевая, регулятор кислотности - лимонная кислота Е-330, антиокислитель - аскорбиновая кислота Е-30', NULL, '144', '0.9', '15.0', '0', NULL, NULL, '8410791044893', 12, 10, '2021-10-20 20:09:03', '2021-10-20 20:09:12', 13),
(53, 35, 'Оливки с лимоном Global Village', NULL, '20211020_olivki-s-limonom-global-village.jpg', 'Aceitunas Cazorla', 'Вода, оливки зеленые без косточек сорта манзанилла, соль морская пищевая, паста из лимона (лимон, вода, загуститель - альгинат натрия Е-401), усилитель вкуса и аромата - глутамат натрия Е-621, регулятор кислотности - лимонная кислота Е-330, антиокислитель - аскорбиновая кислота Е-300', 'Выводы о продукте сделаны на основании информации, указанной на упаковке товара от 22.10.2021 года', '145', '1.0', '15.0', '0', NULL, NULL, '8410791044909', 10, 10, '2021-10-20 20:11:20', '2021-10-22 12:32:34', 13),
(54, 35, 'Оливки с анчоусом Global Village', NULL, '20211020_olivki-s-anchousom-global-village.jpg', 'Aceitunas Cazorla', 'Вода, оливки зеленые без косточек сорта манзанилла, соль морская пищевая, паста из анчоуса (анчоус, вода, загуститель - альгинет натрия Е-401), усилитель вкуса и аромата - глутамат натрия Е-621, регулятор кислотности - лимонная кислота Е-330, антиокислитель - аскорбиновая кислота Е-300', 'Выводы о продукте сделаны на основании информации, указанной на упаковке товара от 22.10.2021 года', '155', '1.3', '16.0', '0', NULL, NULL, '8410791044916', 10, 10, '2021-10-20 20:16:35', '2021-10-22 12:32:27', 13),
(55, 35, 'Оливки с креветкой Global Village', NULL, '20211020_Оливки с креветкой Global Village.jpg', 'Aceitunas Cazorla', 'Вода, оливки зеленые без косточек сорта манзанилла, соль морская пищевая, паста из креветок (креветки, вода, загуститель - альгинат натрия Е-401), усилитель вкуса и аромата - глутамат натрия Е-621, регулятор кислотности - лимонная кислота Е-330, антиокислитель - аскорбиновая кислота Е-300', 'Выводы о продукте сделаны на основании информации, указанной на упаковке товара от 22.10.2021 года', '155', '1.3', '16.0', '0', NULL, NULL, '8410791050177', 10, 10, '2021-10-20 20:20:27', '2021-10-22 12:32:20', 13),
(56, 37, 'Хлопья овсяные геркулес Агро-Альянс классик', 'Время приготовления 10 минут\r\nОбратите внимание! Если в упаковке хлопья мелкие, битые, много пыли и мусора - это может повлиять на вкусовые качества готового продукта!', '20211020_Хлопья овсяные геркулес Агро альянс классик.jpg', 'ООО \"Агро-Альянс\"', 'Хлопья овсяные', NULL, '380', '11.0', '6.0', '70.0', NULL, NULL, '4607072710446', 12, 10, '2021-10-20 20:37:59', '2021-10-22 09:41:30', 13),
(57, 37, 'Хлопья овсяные геркулес Царь думает о людях', 'Время приготовления 20 минут\r\nОбратите внимание! Если в упаковке хлопья мелкие, битые, много пыли и мусора - это может повлиять на вкусовые качества готового продукта!', '20211020_Хлопья овсяные геркулес Царь думает о людях.jpg', 'ООО \"Объединение \"Союзпищепром\"', 'Хлопья овсяные', NULL, '350', '12.0', '6.0', '62.0', NULL, NULL, '4603134002146', 12, 10, '2021-10-20 20:40:06', '2021-10-20 20:40:12', 13),
(58, 37, 'Геркулес 12 месяцев Пассим', 'Время приготовления 15 минут\r\nОбратите внимание! Если в упаковке хлопья мелкие, битые, много пыли и мусора - это может повлиять на вкусовые качества готового продукта!', '20211020_Геркулес 12 месяцев Пассим.jpg', 'ООО \"Первая Крупяная Компания\"', 'Хлопья овсяные', NULL, '352,2', '12.3', '6.2', '61.8', NULL, NULL, '4605093010958', 12, 10, '2021-10-20 20:42:59', '2021-10-20 20:43:04', 13),
(59, 37, 'Хлопья овсяные Привоз', 'Время приготовления не указано\r\nОбратите внимание! Если в упаковке хлопья мелкие, битые, много пыли и мусора - это может повлиять на вкусовые качества готового продукта!', '20211020_zaglushka.jpg', 'ООО \"Привоз\"', 'Хлопья овсяные', 'Выводы о продукте сделаны на основании информации, указанной на упаковке товара от 22.10.2021 года', '352', '12.3', '6.2', '61.8', NULL, NULL, '4607004240744', 27, 10, '2021-10-20 20:45:09', '2021-10-22 12:32:12', 13),
(60, 37, 'Геркулес полезный доброе утро Увелка', 'Время приготовления 5 минут\r\nОбратите внимание! Если в упаковке хлопья мелкие, битые, много пыли и мусора - это может повлиять на вкусовые качества готового продукта!', '20211020_Геркулес полезный доброе утро Увелка.jpg', 'ООО \"Ресурс\"', 'Хлопья овсяные', 'Выводы о продукте сделаны на основании информации, указанной на упаковке товара от 22.10.2021 года', '380', '12.0', '6.0', '66.0', NULL, '6.0', '4607016245935', 27, 10, '2021-10-20 20:46:10', '2021-10-22 12:31:51', 13),
(61, 37, 'Овсяные хлопья быстрые доброе утро Увелка', 'Время приготовления 3 минуты\r\nОбратите внимание! Если в упаковке хлопья мелкие, битые, много пыли и мусора - это может повлиять на вкусовые качества готового продукта!', '20211020_Овсяные хлопья быстрые доброе утро Увелка.jpg', 'ООО \"Ресурс\"', 'Хлопья овсяные', 'Выводы о продукте сделаны на основании информации, указанной на упаковке товара от 22.10.2021 года', '370', '12.0', '6.0', '65.0', NULL, '5.6', '4607016245973', 27, 10, '2021-10-20 20:51:29', '2021-10-22 12:31:40', 13),
(62, 37, 'Хлопья овсяные гуркулес Селяночка', 'Время приготовления 15 минут\r\nОбратите внимание! Если в упаковке хлопья мелкие, битые, много пыли и мусора - это может повлиять на вкусовые качества готового продукта!', '20211020_Хлопья овсяные гуркулес Селяночка.jpg', 'АО \"Петербургский мельничный комбинат\"', 'Хлопья овсяные', NULL, '380', '13.0', '7.0', '60.0', NULL, '10.0', '4600819311685', 12, 10, '2021-10-20 20:53:47', '2021-10-20 20:53:51', 13),
(63, 37, 'Геркулес монастырский Русский продукт', 'Время приготовления 20 минут\r\nОбратите внимание! Если в упаковке хлопья мелкие, битые, много пыли и мусора - это может повлиять на вкусовые качества готового продукта!', '20211020_Геркулес монастырский Русский продукт.jpg', 'АО \"Русский продукт\"', 'Овсяные хлопья', NULL, '360', '12.0', '6.0', '62.0', NULL, '6.0', '4602112502333', 12, 10, '2021-10-20 20:56:36', '2021-10-20 20:56:41', 13),
(64, 37, 'Геркулес традиционный Русский продукт', 'Время приготовления 15 минут\r\nОбратите внимание! Если в упаковке хлопья мелкие, битые, много пыли и мусора - это может повлиять на вкусовые качества готового продукта!', '20211021_Геркулес традиционный Русский продукт.jpg', 'АО \"Русский продукт\"', 'Овсяные хлопья', NULL, '360', '12.0', '6.0', '62.0', NULL, '6.0', '4602112100393', 12, 10, '2021-10-20 21:02:26', '2021-10-20 21:02:31', 13),
(65, 37, 'Хлопья овсяные Makfa', 'Время приготовления 3 минуты\r\nОбратите внимание! Если в упаковке хлопья мелкие, битые, много пыли и мусора - это может повлиять на вкусовые качества готового продукта!', '20211021_Хлопья овсяные Makfa.jpg', 'АО \"Макфа\"', 'Хлопья овсяные', 'Выводы о продукте сделаны на основании информации, указанной на упаковке товара от 22.10.2021 года', '390', '12.8', '5.4', '69.7', NULL, '5.6', '4601780013479', 27, 10, '2021-10-20 21:04:10', '2021-10-22 12:31:30', 13),
(66, 37, 'Хлопья из смеси 5 злаков Селяночка', 'Не требуют варки\r\nОбратите внимание! Если в упаковке хлопья мелкие, битые, много пыли и мусора - это может повлиять на вкусовые качества готового продукта!', '20211021_Хлопья из смеси 5 злаков Селяночка.jpg', 'ООО \"Центральная крупяная компания\"', 'Хлопья ржаные, овсяные, ячменные, пшеничные, гречневые', 'Выводы о продукте сделаны на основании информации, указанной на упаковке товара от 22.10.2021 года', '530', '12.0', '3.0', '70.0', NULL, NULL, '4606038061806', 27, 10, '2021-10-20 21:06:36', '2021-10-22 12:31:22', 13),
(67, 37, 'Хлопья овсяные Селяночка', 'Время приготовления 3 минуты\r\nОбратите внимание! Если в упаковке хлопья мелкие, битые, много пыли и мусора - это может повлиять на вкусовые качества готового продукта!', '20211021_Хлопья овсяные Селяночка.jpg', 'АО \"Петербургский мельничный комбинат\"', 'Хлопья овсяные №3', 'Выводы о продукте сделаны на основании информации, указанной на упаковке товара от 22.10.2021 года', '380', '13.0', '7.0', '60.0', NULL, '10.0', '4600819311708', 27, 10, '2021-10-20 21:08:37', '2021-10-22 12:31:15', 13),
(68, 37, 'Хлопья овсяные вид геркулес Чистый продукт алтая', 'Время приготовления 20 минут. Обратите внимание! Если в упаковке хлопья мелкие, битые, много пыли и мусора - это может повлиять на вкусовые качества готового продукта!', '20211021_zaglushka.jpg', 'ООО \"Севуч плюс\"', 'Хлопья овсяные', NULL, '352', '12.3', '6.2', '61.8', NULL, NULL, '4680074850518', 12, 10, '2021-10-20 21:09:59', '2021-10-20 21:10:04', 13),
(69, 37, 'Геркулес экстра Гудвилл', 'Время приготовления 10 минут\r\nОбратите внимание! Если в упаковке хлопья мелкие, битые, много пыли и мусора - это может повлиять на вкусовые качества готового продукта!', '20211021_Геркулес экстра Гудвилл.jpg', 'АО \"Алтайская крупа\"', 'Хлопья овсяные. Произведены из овсяной крупы высшего сорта', NULL, '306', '12.0', '6.0', '51.0', NULL, NULL, '4607120234061', 12, 10, '2021-10-20 21:13:06', '2021-10-20 21:13:11', 13),
(70, 37, 'Хлопья овсяные экстра Магнит', 'Не требуют варки\r\nОбратите внимание! Если в упаковке хлопья мелкие, битые, много пыли и мусора - это может повлиять на вкусовые качества готового продукта!', '20211021_Хлопья овсяные экстра Магнит.jpg', 'ООО \"Центральная крупяная компания\"', 'Хлопья овсяные экстра', 'Выводы о продукте сделаны на основании информации, указанной на упаковке товара от 22.10.2021 года', '370', '12.0', '5.0', '70.0', NULL, NULL, '2010001429005', 27, 10, '2021-10-20 21:14:59', '2021-10-22 12:30:29', 13),
(71, 37, 'Хлопья овсяные 2 размер средний Ясно солнышко', 'Время приготовления 5 минут\r\nОбратите внимание! Если в упаковке хлопья мелкие, битые, много пыли и мусора - это может повлиять на вкусовые качества готового продукта!', '20211021_Хлопья овсяные 2 размер средний Ясно солнышко.jpg', 'АО \"Петербургский мельничный комбинат\"', 'Хлопья овсяные, требующие варки', 'Выводы о продукте сделаны на основании информации, указанной на упаковке товара от 22.10.2021 года', '380', '13.0', '7.0', '60.0', NULL, '10.0', '4600819351681', 27, 10, '2021-10-20 21:16:57', '2021-10-22 12:30:13', 13),
(72, 37, 'Хлопья овсяные 3 размер мелкий Ясно солнышко', 'Время приготовления 3 минуты\r\nОбратите внимание! Если в упаковке хлопья мелкие, битые, много пыли и мусора - это может повлиять на вкусовые качества готового продукта!', '20211021_Хлопья овсяные 3 размер мелкий Ясно солнышко.jpg', 'АО \"Петербургский мельничный комбинат\"', 'Хлопья овсяные, требующие варки', 'Выводы о продукте сделаны на основании информации, указанной на упаковке товара от 22.10.2021 года', '380', '13.0', '7.0', '60.0', NULL, '10.0', '4600819311050', 27, 10, '2021-10-20 21:18:45', '2021-10-22 12:28:03', 13),
(73, 37, 'Хлопья 5 злаков доброе утро Увелка', 'Время приготовления 3 минуты\r\nОбратите внимание! Если в упаковке хлопья мелкие, битые, много пыли и мусора - это может повлиять на вкусовые качества готового продукта!', '20211021_Хлопья 5 злаков доброе утро Увелка.jpg', 'ООО \"Ресурс\"', 'Хлопья овсяные, хлопья пшеничные, хлопья ячменные, хлопья пшенные, хлопья ржаные', 'Выводы о продукте сделаны на основании информации, указанной на упаковке товара от 22.10.2021 года', '370', '14.0', '3.5', '68.0', NULL, '6.8', '4607016245348', 27, 10, '2021-10-20 21:20:54', '2021-10-22 12:27:53', 13),
(77, 37, 'Хлопья экстра геркулес к завтраку Гудвилл', 'Время приготовления 10 минут\r\nОбратите внимание! Если в упаковке хлопья мелкие, битые, много пыли и мусора - это может повлиять на вкусовые качества готового продукта!', '20211021_Хлопья экстра геркулес к завтраку Гудвилл.jpg', 'АО \"Алтайская крупа\"', 'Овсяная крупа высшего сорта', NULL, '306', '12.0', '6.0', '51.0', NULL, NULL, '4607120232531', 12, 10, '2021-10-21 18:22:36', '2021-10-21 18:31:13', 13),
(78, 37, 'Хлопья 5 злаков к завтраку Гудвилл', 'Не требуют варки.\r\nОбратите внимание! Если в упаковке хлопья мелкие, битые, много пыли и мусора - это может повлиять на вкусовые качества готового продукта!', '20211021_Хлопья 5 злаков к завтраку Гудвилл.jpg', 'АО \"Алтайская крупа\"', 'Овсяные хлопья 32,5%, гречневые хлопья 20%, пшеничные хлопья 20%, ячменные хлопья 20%, кукурузные хлопья 7,5%', 'Выводы о продукте сделаны на основании информации, указанной на упаковке товара от 22.10.2021 года', '302', '11.5', '2.9', '62.7', NULL, NULL, '4607120236379', 27, 10, '2021-10-21 18:37:43', '2021-10-22 12:27:38', 13),
(79, 37, 'Хлопья 3 злака к завтраку Гудвилл', 'Не требуют варки.\r\nОбратите внимание! Если в упаковке хлопья мелкие, битые, много пыли и мусора - это может повлиять на вкусовые качества готового продукта!', '20211021_Хлопья 3 злака к завтраку Гудвилл.jpg', 'АО \"Алтайская крупа\"', 'Овсяные хлопья 40%, пшеничные хлопья 40%, ячменные хлопья 20%', 'Выводы о продукте сделаны на основании информации, указанной на упаковке товара от 22.10.2021 года', '339', '12.0', '3.1', '65.7', NULL, NULL, '4607120236362', 27, 10, '2021-10-21 18:42:33', '2021-10-22 12:27:32', 13),
(80, 37, 'Хлопья овсяные к завтраку Гудвилл', 'Не требуют варки.\r\nОбратите внимание! Если в упаковке хлопья мелкие, битые, много пыли и мусора - это может повлиять на вкусовые качества готового продукта!', '20211021_Хлопья овсяные к завтраку Гудвилл.jpg', 'АО \"Алтайская крупа\"', 'Произведены из овсяной крупы 1 сорта', 'Выводы о продукте сделаны на основании информации, указанной на упаковке товара от 22.10.2021 года', '306', '12.0', '6.0', '51.0', NULL, NULL, '4607120234405', 27, 10, '2021-10-21 18:45:01', '2021-10-22 12:27:27', 13),
(81, 37, 'Хлопья овсяные №1 быстрого приготовления Агро-Альянс экстра', 'Время приготовления 5 минут\r\nОбратите внимание! Если в упаковке хлопья мелкие, битые, много пыли и мусора - это может повлиять на вкусовые качества готового продукта!', '20211022_Хлопья овсяные №1 быстрого приготовления Агро Альянс экстра.jpg', 'ООО \"Центральная крупяная компания\"', 'Хлопья овсяные из целой овсяной крупы', 'Выводы о продукте сделаны на основании информации, указанной на упаковке товара от 22.10.2021 года', '390', '12.0', '5.0', '70.0', NULL, NULL, '4607072715380', 27, 10, '2021-10-22 09:32:55', '2021-10-22 12:27:21', 13),
(82, 37, 'Хлопья овсяные не требующие варки Ясно солнышко', 'Не требуют варки.\r\nОбратите внимание! Если в упаковке хлопья мелкие, битые, много пыли и мусора - это может повлиять на вкусовые качества готового продукта!', '20211022_Хлопья овсяные не требующие варки Ясно солнышко.jpg', 'АО \"Петербургский мельничный комбинат\"', 'Хлопья овсяные, не требющие варки', 'Выводы о продукте сделаны на основании информации, указанной на упаковке товара от 22.10.2021 года', '380', '13.0', '7.0', '60.0', NULL, '10.0', '4600819311807', 27, 10, '2021-10-22 09:36:41', '2021-10-22 12:27:15', 13),
(83, 37, 'Хлопья зерновые 4 злака быстрого приготовления Агро-Альянс экстра', 'Время приготовления 3 минуты\r\nОбратите внимание! Если в упаковке хлопья мелкие, битые, много пыли и мусора - это может повлиять на вкусовые качества готового продукта!', '20211022_Хлопья зерновые 4 злака быстрого приготовления Агро-Альянс экстра.jpg', 'ООО \"Центральная крупяная компания\"', 'Хлопья овсяные, ячменные, пшеничные, ржаные', 'Выводы о продукте сделаны на основании информации, указанной на упаковке товара от 22.10.2021 года', '390', '12.0', '3.0', '73.0', NULL, '11.0', '4607072715427', 27, 10, '2021-10-22 09:41:19', '2021-10-22 12:27:10', 13),
(84, 37, 'Хлопья зерновые 5 злаков быстрого приготовления Агро-Альянс экстра', 'Время приготовления 3 минуты\r\nОбратите внимание! Если в упаковке хлопья мелкие, битые, много пыли и мусора - это может повлиять на вкусовые качества готового продукта!', '20211022_Хлопья зерновые 5 злаков быстрого приготовления Агро-Альянс экстра.jpg', 'ООО \"Центральная крупяная компания\"', 'Хлопья ржаные, овсяные, ячменные, пшеничные, гречневые', 'Выводы о продукте сделаны на основании информации, указанной на упаковке товара от 22.10.2021 года', '370', '12.0', '3.0', '70.0', NULL, '9.0', '4607072715434', 27, 10, '2021-10-22 10:30:53', '2021-10-22 12:26:58', 13),
(85, 37, 'Цельнозерновой геркулес злаки Mix detox Гудвилл', 'Время приготовления 8 минут\r\nОбратите внимание! Если в упаковке хлопья мелкие, битые, много пыли и мусора - это может повлиять на вкусовые качества готового продукта!', '20211022_Цельнозерновой геркулес злаки Mix detox Гудвилл.jpg', 'АО \"Алтайская крупа\"', 'Хлопья овсяные Геркулес \"Экстра\", отруби овсяные 30%', 'Выводы о продукте сделаны на основании информации, указанной на упаковке товара от 22.10.2021 года', '340', '14.0', '6.0', '56.0', NULL, NULL, '4607120236829', 27, 10, '2021-10-22 10:46:23', '2021-10-22 12:26:29', 13),
(86, 37, 'Геркулес хлопья овсяные дисконт Хороший выбор', 'Время приготовления 20 минут\r\nОбратите внимание! Если в упаковке хлопья мелкие, битые, много пыли и мусора - это может повлиять на вкусовые качества готового продукта!', '20211022_zaglushka.jpg', 'ООО \"ЕвроЛогистик\"', 'Хлопья овсяные \"Геркулес\"', NULL, '352', '12.3', '6.2', '50.1', NULL, NULL, '2000005115165', 12, 10, '2021-10-22 10:53:31', '2021-10-22 10:56:38', 13),
(87, 39, 'Горчица дижонская Знаток', NULL, '20211022_Горчица дижонская Знаток.jpg', 'ООО \"Агропродукт\"', 'Вода, семена горчицы, сахар, масло горчичное нерафинированное, горчичный порошок, соль, регуляторы кислотности (лимонная кислота, уксусная кислота (Е260)), загустители (Е412, Е415), антиокислитель (Е224), краситель (каротины), куркума, ароматизаторы, консервант (сорбат калия)', 'Выводы о продукте сделаны на основании информации, указанной на упаковке товара от 22.10.2021 года', '160', '5.0', '9,0', '15,0', NULL, NULL, '4660017761590', 11, 10, '2021-10-22 12:53:08', '2021-10-22 14:06:04', 13),
(88, 39, 'Горчица медовая Знаток', NULL, '20211022_Горчица медовая Знаток.jpg', 'ООО \"Агропродукт\"', 'Вода, семена горчицы, горчичный порошок, сахар, масло горчичное нерафинированное, мёд натуральный, соль, регулятор кислотности (лимонная кислота, уксусная кислота (Е260)), паприка красная молотая, куркума, кориандр, душистый перец, базилик, гвоздика, корица, орех мускатный, майоран, зира, загуститель (Е415), антиокислитель (Е224), консервант (сорбат калия)', NULL, '150', '5,5', '8,0', '14,0', NULL, NULL, '4660017761194', 11, 10, '2021-10-22 14:52:37', '2021-10-22 14:52:37', 13),
(89, 39, 'Горчица русская Русский аппетит стекло', NULL, '20211022_Горчица русская Русский аппетит стекло.jpg', 'ООО Компания \"ВИТЭКС\"', 'Вода питьевая, горчичный порошок, сахар, масло подсолнечное рафинированное дезодорированное, соль, кислота уксусная пищевая 70%, консерванты: бензонат натрия и сорбат калия, лавровый лист, перец черный молотый', 'Выводы о продукте сделаны на основании информации, указанной на упаковке товара от 22.10.2021 года', '200', '9.0', '10.0', '18.0', NULL, NULL, '4606260001793', 10, 10, '2021-10-22 15:07:46', '2021-10-22 15:08:20', 13),
(90, 39, 'Горчица ядреная Русский аппетит', NULL, '20211022_Горчица ядреная Русский аппетит.jpg', 'ООО Компания \"ВИТЭКС\"', 'Вода питьевая, горчичный порошок, сахар, масло подсолнечное рафинированное дезодорированное, регулятор кислотности - кислота уксусная пищевая 70%, соль, гвоздика молотая, лавровый лист, корица молотая, перец черный молотый, консерванты: бензонат натрия и сорбат калия', 'Выводы о продукте сделаны на основании информации, указанной на упаковке товара от 22.10.2021 года', '180', '9.0', '9.0', '16.0', NULL, NULL, '4606260005081', 10, 10, '2021-10-22 15:10:34', '2021-10-22 15:13:34', 13),
(91, 39, 'Горчица острая столовая Красная цена', NULL, '20211022_Горчица острая столовая Красная цена.jpg', 'ООО \"БАСТИОН\"', 'Вода питьевая, горчичный порошок, уксус, растительное масло, сахар, соль, консервант - сорбат калия, перец черный', 'Выводы о продукте сделаны на основании информации, указанной на упаковке товара от 22.10.2021 года', '91', '7.4', '2.0', '10.8', NULL, NULL, '4607003260798', 11, 10, '2021-10-22 15:13:23', '2021-10-22 15:13:23', 13),
(92, 39, 'Горчица французская Global Village', NULL, '20211022_Горчица французская Global Village.jpg', 'ООО \"БАСТИОН\"', 'Семя горчичное, уксус яблочный, вода, сахар, соль, корица, гвоздика, лавровый лист, куркума, консервант - сорбат калия', 'Выводы о продукте сделаны на основании информации, указанной на упаковке товара от 22.10.2021 года', '141', '7.5', '8.6', '8.4', NULL, NULL, '4607003260064', 11, 10, '2021-10-22 15:16:26', '2021-10-22 15:16:26', 13),
(93, 39, 'Горчица зернистая Махеев moutarde granulee', NULL, '20211022_Горчица зернистая Махеев moutarde granulee.jpg', 'АО \"ЭССЕН ПРОДАКШН АГ\"', 'Вода питьевая, горчичное семя (белое, желтое, коричневое), сахар, уксус из пищевого сырья, соль пищевая, пюре яблочное, сушеные: гвоздика молотая, куркума, загуститель ксантановая камедь, масло подсолнечное рафинированное дезодорированное, консерванты: сорбат калия, бензонат натрия', 'Выводы о продукте сделаны на основании информации, указанной на упаковке товара от 22.10.2021 года', '218', '8.0', '10.0', '24.0', NULL, NULL, '4604248004859', 10, 10, '2021-10-22 15:19:07', '2021-10-22 15:19:07', 13),
(94, 39, 'Горчица Поваренок классика вкуса', NULL, '20211022_Горчица Поваренок классика вкуса.jpg', 'ООО ПКП \"ПРОВАНСАЛЬ\"', 'Вода, порошок горчичный, сахар, масло растительное рафинированное дезодорированное, соль, регулятор кислотности кислота уксусная, специи', 'Выводы о продукте сделаны на основании информации, указанной на упаковке товара от 22.10.2021 года', '160', '8.0', '6.0', '13.0', NULL, NULL, '4607034911997', 11, 10, '2021-10-22 15:21:43', '2021-10-22 15:21:43', 13),
(95, 39, 'Горчица русская Махеев', NULL, '20211022_Горчица русская Махеев.jpg', 'АО \"ЭССЕН ПРОДАКШН АГ\"', 'Вода питьевая, порошок горчичный, сахар, масло подсолнечное рафинированное дезодорированное, регулятор кислотности уксусная кислота, соль пищевая, антиокислитель аскорбиновая кислота, консерванты: сорбат калия, бензонат натрия', 'Выводы о продукте сделаны на основании информации, указанной на упаковке товара от 22.10.2021 года', '196', '7.5', '9.5', '20.0', NULL, NULL, '4604248007089', 10, 10, '2021-10-22 15:24:15', '2021-10-22 15:24:15', 13),
(96, 39, 'Горчица домашняя на рассоле Персона', NULL, '20211022_Горчица домашняя на рассоле Персона.jpg', 'ООО \"Персона\"', 'Вода трех степеней очистки, горчичный порошок, масло растительное рафинированное дезодорированное, сахар, соль, регулятор кислотности пищевая уксусная кислота, стабилизаторы гуаровая и ксантановая камеди, специи и пряности (перец красный, корица, гвоздика молотоые), пищевые ароматизаторы \"Горчица\", \"Маринованный огурец\", консерванты сорбиновая и бензойная кислоты, подсластитель Сахарин', 'Выводы о продукте сделаны на основании информации, указанной на упаковке товара от 22.10.2021 года', '100', '9.5', '6.0', '3.5', NULL, NULL, '4620000901846', 10, 10, '2021-10-22 15:26:28', '2021-10-22 15:26:28', 13),
(97, 39, 'Горчица зернистая whole grained mustard Spar', NULL, '20211022_Горчица зернистая whole grained mustard Spar.jpg', 'De Marne`s Fabrieken B.V.', 'Вода, горчичное зерно, соль, спиртовой уксус, специи, ароматизатор натуральный.\r\nМожет содержать следы глютена', NULL, '168', '7.9', '10.4', '7.9', '1.6', '3.3', '8710671144706', 12, 10, '2021-10-22 15:29:05', '2021-10-22 15:29:05', 13),
(98, 39, 'Горчица ancienne mustard Spar', NULL, '20211022_Горчица ancienne mustard Spar.jpg', 'De Marne`s Fabrieken B.V.', 'Вода, горчичное зерно, соль, спиртовой уксус, сахар, регулятор кислотности (Е330), антиокислитель (Е224) (содержит сульфит)', 'Выводы о продукте сделаны на основании информации, указанной на упаковке товара от 22.10.2021 года', '170', '7.6', '11.0', '10.0', NULL, NULL, '8710671144683', 10, 10, '2021-10-22 15:31:57', '2021-10-22 15:31:57', 13),
(99, 39, 'Горчица зернистая moutarde a lancienne Casino', NULL, '20211022_zaglushka.jpg', 'Europeenne De Condiments S.A.S.', 'Вода, спиртовой уксус, семена горчицы, соль, подкислитель: лимонная кислота, ароматизатор, антиоксидант: дисульфит калия, специи: куркума', 'Выводы о продукте сделаны на основании информации, указанной на упаковке товара от 22.10.2021 года', '157', '7.2', '12.0', '2.3', NULL, NULL, '3222472920854', 11, 10, '2021-10-22 15:36:25', '2021-10-22 15:36:25', 13),
(100, 39, 'Горчица французская Heinz', NULL, '20211022_Горчица французская Heinz.jpg', 'Roleski Spółka Jawna', 'Вода, семена горчицы, уксус спиртовой, соль, сироп карамельый, смесь специй, краситель куркумин', NULL, '133', '6.0', '8.0', '7.6', NULL, NULL, '3660603080051', 12, 10, '2021-10-22 15:39:04', '2021-10-22 15:42:12', 13),
(101, 39, 'Горчица дижонская dijon mustard Spar', NULL, '20211022_Горчица дижонская dijon mustard Spar.jpg', 'De Marne`s Fabrieken B.V.', 'Вода, горчичное зерно, спиртовой уксус, соль, регулятор кислотности (Е330), антиокислитель (Е224) (содержит сульфит).\r\nМожет содержать следы глютена', 'Выводы о продукте сделаны на основании информации, указанной на упаковке товара от 22.10.2021 года', '162', '8.1', '10.5', '6.0', '1.5', '3.0', '8710671144669', 10, 10, '2021-10-22 15:45:21', '2021-10-22 15:45:21', 13),
(102, 39, 'Горчица дижонская moutarde de dijon Casino', NULL, '20211022_Горчица дижонская moutarde de dijon Casino.jpg', 'Europeenne De Condiments S.A.S.', 'Вода, семена горчицы, спиртовой уксус, соль, антиоксидант: дисульфит калия, подкислитель: лимонная кислота', 'Выводы о продукте сделаны на основании информации, указанной на упаковке товара от 22.10.2021 года', '154', '7.2', '12.0', '3.0', NULL, NULL, '3222471014127', 11, 10, '2021-10-22 15:48:25', '2021-10-22 15:48:25', 13),
(103, 39, 'Горчица французская Kamis', NULL, '20211022_Горчица французская Kamis.jpg', 'McCormick Polska S.A.', 'Вода, семена белой горчицы, уксус спиртовой, семена черной горчицы, сахар, соль, уксус яблочный, загустители (гуаровая камедь, ксантановая камедь), эстрагон, куркума, душистый перец, черный перец, паприка острая, лавровый лист, имбирь, краситель  (куркумин), сироп глюкозный (из пшеницы)', NULL, '170', '7.0', '10.0', '10.0', NULL, NULL, '5900084064057', 12, 10, '2021-10-22 15:52:09', '2021-10-22 15:52:09', 13),
(104, 39, 'Горчица сарептская Kamis', NULL, '20211022_Горчица сарептская Kamis.jpg', 'McCormick Polska S.A.', 'Вода, горчица, спиртовой уксус, сахар, соль, эстрагон, душистый перец, имбирь, красный перец острый, черный перец, перец чили, белый перец, краситель (куркумин)', NULL, '95', '4.5', '4.0', '8.0', NULL, NULL, '4900084265942', 12, 10, '2021-10-22 15:54:25', '2021-10-22 15:54:25', 13),
(105, 39, 'Горчица столичная русская Традиционный вкус', NULL, '20211022_Горчица столичная русская Традиционный вкус.jpg', 'АО \"Жировой комбинат\"', 'Вода питьевая, горчичный порошок, сахар, масло подсолнечное рафинированное дезодорированное, регулятор кислотности уксусная кислота, соль, перец черный, лавровый лист', 'Выводы о продукте сделаны на основании информации, указанной на упаковке товара от 22.10.2021 года', '230', '11.0', '10.0', '22.0', NULL, NULL, '4600851005429', 11, 10, '2021-10-22 15:57:18', '2021-10-22 15:57:18', 13),
(106, 39, 'Горчица русская Русский аппетит', NULL, '20211022_Горчица русская Русский аппетит.jpg', 'ООО Компания \"ВИТЭКС\"', 'Вода питьевая, горчичный порошок, сахар, масло подсолнечное рафинированное дезодорированное, кислота уксусная пищевая 70%, соль, лавровый лист, перец черный молотый, консерванты: бензонат натрия и сорбат калия', 'Выводы о продукте сделаны на основании информации, указанной на упаковке товара от 22.10.2021 года', '200', '9.0', '10.0', '18.0', NULL, NULL, '4606260002110', 10, 10, '2021-10-22 16:02:13', '2021-10-22 16:02:13', 13),
(107, 39, 'Горчица баварская Uni Dan', NULL, '20211022_Горчица баварская Uni Dan.jpg', 'ООО \"БАСТИОН\"', 'Вода, семя горчичное, уксус яблочный, сахар, горчичный порошок, соль, корица, гвоздика, лавровый лист, куркума, консервант - сорбат калия', 'Выводы о продукте сделаны на основании информации, указанной на упаковке товара от 22.10.2021 года', '156', '6.4', '7.6', '15.4', NULL, NULL, '4607003261160', 11, 10, '2021-10-22 16:05:05', '2021-10-22 16:05:05', 13),
(108, 39, 'Горчица русская жгучая hot mustard russian traditions Uni Dan', NULL, '20211022_Горчица русская жгучая hot mustard russian traditions Uni Dan.jpg', 'ООО \"БАСТИОН\"', 'Вода питьевая, горчичный порошок, растительное масло, соль пищевая, сахар, черный перец, уксус столовый 9%, консервант - сорбат калия', 'Выводы о продукте сделаны на основании информации, указанной на упаковке товара от 22.10.2021 года', '91', '7.4', '2.0', '10.8', NULL, NULL, '4607003261894', 11, 10, '2021-10-22 16:07:34', '2021-10-22 16:07:34', 13),
(109, 41, 'Сосиски ветчинные Микоян', 'Продукт мясной. Колбасное изделие вареное категории Б', '20211022_Сосиски ветчинные Микоян.jpg', 'ЗАО \"Микояновский мясокомбинат\"', 'Свинина, филе грудки курицы, мясо птицы механической обвалки, кожа куриная, вода, белок соевый, нитритно-посолочная смесь (соль, фиксатор окраски (нитрит натрия)), крахмал картофельный, стабилизаторы (метилцеллюлоза, дигидропирофосфат-, пирофосфат натрия, полифосфат калия), регуляторы кислотности (трифосфат натрия 5-замещенный, ацетат - диацетат натрия, цитрат натрия 3-замещенный), усилитель вкуса и аромата (глутамат натрия 1-замещенный), мальтодекстрин, декстроза, ароматизаторы (мяса, коптильный), антиокислители (изоаскорбат натрия, аскорбиновая кислота), экстракты специй и пряностей (перец красный, перец черный, перец душистый, перец белый, чеснок, имбирь, мускатный орех), краситель (кармины).\r\nВ продукте возможно присутствие следов орехов, злаков, яиц, молока, сои, горчицы, сельдерея, мяса продуктивных животных, птицы и продуктов их переработки', 'Выводы о продукте сделаны на основании информации, указанной на упаковке товара от 22.10.2021 года', '210', '12.0', '18.0', '0', NULL, NULL, '4606979033610', 10, 10, '2021-10-22 19:36:34', '2021-10-22 19:40:57', 13);
INSERT INTO `products` (`id`, `category_id`, `nameProduct`, `dopOpisanie`, `imgProduct`, `proizvoditel`, `sostav`, `nezhelDobavki`, `kkal`, `belki`, `zhir`, `uglevodi`, `sahar`, `kletchatka`, `shtrihkod`, `vivod_id`, `add_user_id`, `created_at`, `updated_at`, `status_id`) VALUES
(110, 41, 'Сосиски молочные гост Великолукский мясокомбинат', 'Мясной продукт категории Б. Колбасное изделие вареное.', '20211022_Сосиски молочные гост Великолукский мясокомбинат.jpg', 'ОАО \"Великолукский мясокомбинат\"', 'Свинина, говядина, вода питьевая, меланж яичный, молоко коровье сухое цельное, соль, сахар, пряности (перец черный, перец душистый, орех мускатный), стабилизатор (Е450iii), антиокислитель (аскорбиновая кислота), посолочно-нитритная смесь (соль, фиксатор окраски - нитрит натрия)', 'Выводы о продукте сделаны на основании информации, указанной на упаковке товара от 22.10.2021 года', '296', '11.0', '28.0', '0', NULL, NULL, '4650064283701', 11, 10, '2021-10-22 19:38:50', '2021-10-22 19:40:53', 13),
(111, 41, 'Сосиски молочные по-черкизовски Черкизово', 'Изделие колбасное вареное мясосодержащее', '20211022_Сосиски молочные по-черкизовски Черкизово.jpg', 'АО \"ЧМПЗ\"', 'Свинина, вода, мясо кур механической обвалки, свиная шкура, филе кур, агент влагоудерживающий (лактат натрия), соль, молочная сыворотка, виноградный сахар, молоко сухое, ароматизаторы, пшеничный крахмал, стабилизаторы (полифосфаты, пирофосфаты, гуаровая камедь, ксантановая камедь, камедь рожкового дерева), регуляторы кислотности (трифосфаты, глюконо-дельта-лактон), глюкоза, антиокислитель (изоаскорбан натрия), усилитель вкуса и аромата (глутамат натрия 1-замещенный), специи, животный белок, загуститель (конжаковая камедь), краситель (кармины), фиксатор окраски - нитрит натрия.\r\nПродукт может содержать следы: горчицы, кунжута, орехов, сельдерея, сои, яиц', 'Выводы о продукте сделаны на основании информации, указанной на упаковке товара от 22.10.2021 года', '249', '10.0', '21.0', '5.0', NULL, NULL, '4607089699888', 10, 10, '2021-10-22 19:40:41', '2021-10-22 19:40:41', 13),
(112, 41, 'Сосиски молочные Атяшево', 'Мясной продукт. Колбасные изделия вареные категории Б', '20211022_Сосиски молочные Атяшево.jpg', 'ООО \"МПК \"Атяшевский\"', 'Свинина, филе куриной грудки, вода питьевая, фарш из мяса птицы, говядина, шкурка свиная, молоко сухое обезжиренное, крахмал картофельный, посолочно-нитритная смесь (соль, фиксатор окраски (нитрит натрия)), пряности и экстракты пряностей (перец черный), антиокислитель (изоаскорбат натрия), регулятор кислотности (пирофосфаты)', 'Выводы о продукте сделаны на основании информации, указанной на упаковке товара от 22.10.2021 года', '200', '10.0', '16.0', '4.0', NULL, NULL, '4607046579277', 11, 10, '2021-10-22 19:42:39', '2021-10-22 19:42:39', 13),
(113, 41, 'Сосиски деревенские Моя цена', 'Мясной продукт. Колбасное изделие вареное категории В.', '20211022_Сосиски деревенские Моя цена.jpg', 'ООО \"МПК \"Атяшевский\"', 'Свинина, мясо птицы механической обвалки, вода питьевая, беловый стабилизатор (шкурка свиная, вода питьевая), молоко сухое обезжиренное, соевый белок, крахмал картофельный, мука рисовая, посолочно-нитритная смесь (соль, фиксатор окраски - Е250), экстракты пряностей (перец черный), декстроза, стабилизатор (Е450iii), регуляторы кислотности (Е451i, Е262, Е326), антиокислители (Е300, Е330), наполнитель (Е325), загустители (Е407а, Е425i), усилитель вкуса и аромата (Е621), краситель (Е120)', NULL, '183', '6.0', '15.0', '6.0', NULL, NULL, '2010001434962', 10, 10, '2021-10-22 19:44:53', '2021-10-22 19:44:53', 13),
(114, 41, 'Сосиски eat meat МПК Атяшевский', 'Мясной продукт. Колбасные изделия вареные категории Б.', '20211022_Сосиски eat meat МПК Атяшевский.jpg', 'ООО \"МПК \"Атяшевский\"', 'Свинина, филе куриной грудки, вода питьевая, говядина, шкурка свиная, крахмал картофельный, молоко сухое обезжиренное, меланж яичный, посолочно-нитритная смесь (соль, фиксатор окраски (нитрат натрия)), пряности и экстракты пряностей (черный перец), регулятор кислотности (пирофосфаты), антиокислитель (изоаскорбат натрия), краситель (кармины).', 'Выводы о продукте сделаны на основании информации, указанной на упаковке товара от 22.10.2021 года', '236', '9.0', '20.0', '5.0', NULL, NULL, '2010003193768', 11, 10, '2021-10-22 19:47:09', '2021-10-22 19:47:09', 13),
(115, 41, 'Сосиски детям Великолукский мясокомбинат', 'Мясной продукт колбасное изделие вареное. Для питания детей старше 6 лет', '20211022_Сосиски детям Великолукский мясокомбинат.jpg', 'ОАО \"Великолукский мясокомбинат\"', 'Свинина, говядина, молоко коровье, натуральные пряности (кардамон, мускат), соль, вода питьевая очищенная, мультивитаминный комплекс (витамины В1, В2, А, микроэлементы: калий, фосфор, кальций), антиокислитель (аскорбиновая кислота), посолочно-нитритная смесь (соль, фиксатор окраски - нитрит натрия)', NULL, '250', '12.0', '22.0', '0', NULL, NULL, '4607091767711', 11, 10, '2021-10-22 19:49:26', '2021-10-22 19:49:26', 13),
(116, 41, 'Сосиски гриль Великолукский мясокомбинат', 'Мясной продукт категории А. Колбасное изделие вареное', '20211022_Сосиски гриль Великолукский мясокомбинат.jpg', 'ОАО \"Великолукский мясокомбинат\"', 'Свинина, вода питьевая, молочный белок, меланж яичный, соль, говяжий белок, пряности (чеснок, мускатный орех, горчица), стабилизатор (Е450iii), антиокислитель (аскорбиновая кислота), краситель (Е120), посолочно-нитритная смесь (соль, фиксатор окраски - нитрит натрия)', 'Выводы о продукте сделаны на основании информации, указанной на упаковке товара от 22.10.2021 года', '250', '13.0', '21.0', '2.0', NULL, NULL, '4650064287594', 11, 10, '2021-10-22 19:52:38', '2021-10-22 19:52:38', 13),
(117, 41, 'Сосиски российские Дым дымыч', 'Изделия колбасные вареные категории Б.', '20211022_Сосиски российские Дым дымыч.jpg', 'ООО \"МК \"Агротэк\"', 'Свинина, мясо птицы, говядина, вода питьевая, соевый белок, крахмал картофельный, молоко коровье сухое обезжиренное, яйца куриные, посолочная смесь (соль, фиксатор окраски: нитрит натрия), специи, стабилизатор (Е450), регулятор кислотности (Е451), загуститель (Е412), консервант (Е262)', 'Выводы о продукте сделаны на основании информации, указанной на упаковке товара от 22.10.2021 года', '289', '12.0', '25.0', '4.0', NULL, NULL, '4607075934450', 11, 10, '2021-10-22 19:54:18', '2021-10-22 19:54:18', 13),
(118, 41, 'Сосиски сливочные ГОСТ Великолукский мясокомбинат', 'Мясной продукт категории Б. Колбасное изделие вареное.', '20211022_Сосиски сливочные ГОСТ Великолукский мясокомбинат.jpg', 'ОАО \"Великолукский мясокомбинат\"', 'Говядина, свинина, сливки 20% -ной жирности, натуральные пряности (перец черный, перец душистый, орех мускатный), вода питьевая, соль, сахар, стабилизатор (Е450iii), антиокислитель (аскорбиновая кислота), посолочно-нитритная смесь (соль, фиксатор окраски - нитрит натрия)', 'Выводы о продукте сделаны на основании информации, указанной на упаковке товара от 22.10.2021 года', '211', '10.0', '19.0', '0', NULL, NULL, '4607091762686', 11, 10, '2021-10-22 19:55:59', '2021-10-22 19:55:59', 13),
(119, 41, 'Сосиски баварские с сыром Великолукский мясокомбинат', 'Мясной продукт категории В. Колбасное изделие вареное.', '20211022_Сосиски баварские с сыром Великолукский мясокомбинат.jpg', 'ОАО \"Великолукский мясокомбинат\"', 'Свинина, сыр (молоко нормализованное, мезофильные молочнокислые микроорганизмы, сычужный фермент), вода питьевая, молочный белок, меланж яичный, соль, говяжий белок, пряности (чеснок, мускатный орех, горчица), стабилизатор (Е450iii), антиокислитель (аскорбиновая кислота), краситель (Е120), посолочно-нитритная смесь (соль, фиксатор окраски - нитрит натрия)', 'Выводы о продукте сделаны на основании информации, указанной на упаковке товара от 22.10.2021 года', '230', '10.0', '21.0', '0', NULL, NULL, '4650064287600', 11, 10, '2021-10-22 19:57:30', '2021-10-22 19:57:30', 13),
(120, 41, 'Сосиски молочные традиционные Папа может', 'Мясосодержащий продукт. Изделие колбасное вареное категории В.', '20211022_Сосиски молочные традиционные Папа может.jpg', 'АО \"ОМПК\"', 'Свинина, вода, мясо птицы куриное (в т.ч. механической обвалки), белковый стабилизатор, сердце свиное, комплексные пищевые добавки (смесь посолочно-нитритная (соль, фиксатор окраски Е250), молочный белок, регуляторы кислотности: пирофосфаты, трифосфаты, ацетаты натрия, цитраты натрия; животный белок говяжий, стабилизатор полифосфат натрия, пряности (в т.ч. сельдерей, горчичное семя), усилитель вкуса и аромата Е621, ароматизаторы, антиокислители: изоаскорбат натрия, лимонная кислота); соль, краситель кармины', 'Выводы о продукте сделаны на основании информации, указанной на упаковке товара от 22.10.2021 года', '284', '8.0', '28.0', '0', NULL, NULL, '4601296002394', 10, 10, '2021-10-22 19:58:54', '2021-10-22 19:58:54', 13),
(121, 41, 'Сосиски буквоешки МПК Атяшевский', 'Мясной продукт. Колбасное изделие вареное. Для питания детей старше 6 лет', '20211022_Сосиски буквоешки МПК Атяшевский.jpg', 'ООО \"МПК \"Атяшевский\"', 'Свинина, филе куриной грудки, говядина, вода питьевая очищенная, молоко сухое обезжиренное, сухой яичный порошок, посолочно-нитритная смесь (соль, фиксатор окраски - нитрит натрия), специи натуральные перец душистый, мускатный орех), сахар, антиокислитель (аскорбиновая кислота)', 'Выводы о продукте сделаны на основании информации, указанной на упаковке товара от 22.10.2021 года', '258', '12.0', '22.0', '3.0', NULL, NULL, '4620031673255', 11, 10, '2021-10-22 20:00:18', '2021-10-22 20:00:18', 13),
(122, 41, 'Сосиски баварушки Стародворье', 'Мясной продукт. Колбасные изделия вареные.', '20211022_Сосиски баварушки Стародворье.jpg', 'ЗАО \"Стародворские колбасы\"', 'Свинина, мясо птицы кусковое, вода, мясо цыпленка-бройлера механической обвалки, говядина, белковый стабилизатор (шкурка свиная, вода), нитритная соль (соль, фиксатор окраски: нитрит натрия), соль, картофельный крахмал, меланж яичный, молоко сухое, животный белок, стабилизатор: полифосфат натрия, пряности и экстракты пряностей (перец, кардамон, лук, горчица), антиокислители (аскорбиновая кислота, лимонная кислота), красители (кармины, экстракт паприки).\r\nПродукт может содержать следы сельдерея, пшеницы и продуктов их переработки', 'Выводы о продукте сделаны на основании информации, указанной на упаковке товара от 22.10.2021 года', '197', '11.0', '17.0', '0', NULL, NULL, '4607091386349', 11, 10, '2021-10-22 20:01:36', '2021-10-22 20:01:36', 13),
(123, 41, 'Сосиски аппетитные Межениновская птицефабрика', 'Изделие колбасное вареное из мяса цыплят-бройлеров охлажденное второй сорт', '20211022_Сосиски аппетитные Межениновская птицефабрика.jpg', 'ООО \"Межениновская птицефабрика\"', 'Мясо цыплят-бройлеров механической обвалки, вода питьевая, кожа цыплят-бройлеров, крахмал картофельный, нитритно-посолочная смесь (соль, фиксатор окраски нитрит натрия), стабилизаторы (цитрат натрия, пирофосфаты, полифосфаты), усилитель вкуса и аромата (глутамат натрия), антиокислитель (аскорбиновая кислота), декстроза, специи и экстракты специй (чеснок, перец, кориандр), ароматизатор натуральный коптильный, гидролизат растительного белка (бульон), мальтодекстрин, экстракт дрожжей, загустители (каррагинан, карбоксиметилцеллюлоза), краситель (кармин).\r\nВозможно наличие следов горчицы, злаков, содержащих глютен, молока, орехов, сельдерея, сои, яиц и продуктов их переработки.', 'Выводы о продукте сделаны на основании информации, указанной на упаковке товара от 22.10.2021 года', '234', '10.0', '20.0', '3.5', NULL, NULL, '4620004407658', 10, 10, '2021-10-22 20:02:59', '2021-10-22 20:02:59', 13),
(124, 41, 'Сосиски молочные Межениновская птицефабрика', 'Изделие колбасное вареное с мясом цыплят-бройлеров охлежденное первый сорт', '20211022_Сосиски молочные Межениновская птицефабрика.jpg', 'ООО \"Межениновская птицефабрика\"', 'Кусковое мясо цыплят-бройлеров, мясо цыплят-бройлеров механической обвалки, вода питьевая, шпик, крахмал картофельный, молоко сухое, яйцо куриное, нитритно-посолочная смесь (соль, фиксатор окраски нитрит натрия), стабилизатор (пирофосфат), регуляторы кислотности (ацетат натрия, цитрат натрия, трифосфат), декстроза, усилитель вкуса и аромата (глутамат натрия), антиокислители (пиросульфит натрия, аскорбат натрия, изоаскорбат натрия, лимонная кислота), ароматизатор (\"Мясо\"), пряности и экстракты пряностей (имбирь, мускатный орех, кориандр, черный перец, лук, любисток), загустители (каррагинан, карбоксиметилцеллюлоза), мальтодекстрин, краситель (кармин).\r\nВозможно наличие следов горчицы, злаков, содержащий глютен, орехов, сельдерея, сои.', 'Выводы о продукте сделаны на основании информации, указанной на упаковке товара от 22.10.2021 года', '226', '12.0', '18.0', '4.0', NULL, NULL, '4620004404923', 10, 10, '2021-10-22 20:04:59', '2021-10-22 20:04:59', 13),
(125, 41, 'Сосиски вареные классические Омский бекон', 'Мясосодержащее колбасное изделие вареное категории Г', '20211022_Сосиски вареные классические Омский бекон.jpg', 'АО \"Омский бекон\"', 'Свинина, мясо куриное механической обвалки, вода, крахмал картофельный, соль, животный белок свиной, молочный белок, молко сухое, экстракты пряностей (перец черный, розмарин), ароматизатор (горчица), декстроза, масло растительное, стабилизаторы: альгинат натрия, Е450; регуляторы кислотности: молочная кислота, лимонная кислота, винная кислота, Е451; антиокислители: аскорбиновая кислота, изоаскорбат натрия; усилитель вкуса и аромата глутамат натрия, краситель кармин, фиксатор окраски нитрит натрия.\r\nМожет содержать следы: горчицы, злаков, сои, орехов, сельдерея, яиц и продукты их переработки.', 'Выводы о продукте сделаны на основании информации, указанной на упаковке товара от 22.10.2021 года', '134.5', '12.0', '8.5', '2.5', NULL, NULL, '4606941009827', 10, 10, '2021-10-22 20:06:51', '2021-10-22 20:06:51', 13),
(126, 41, 'Сосиски с сыром Ядрена копоть', 'Колбасные изделия вареные из мяса птицы, охлажденные', '20211022_Сосиски с сыром Ядрена копоть.jpg', 'ЗАО \"Стародворские колбасы\"', 'Филе куриное, мясо птицы кусковое, мясо цыпленка-бройлера механической обвалки, вода питьевая, сыр (молоко пастеризованное, закваска термофильных и мезофильных молочнокислых микроорганизмов, соль, молокосвертывающий ферментный препарат животного происхождения, вода питьевая, масло сливочное, сыворотка молочная, крахмал кукурузный), белковый стабилизатор (шкурка свиная, вода питьевая), свинина, говядина, молоко сухое, крахмал картофельный, нитритная соль (соль, фиксатор окраски: натрит натрия), соль, продукты яичные, масло растительное, стабилизатор: полифосфаты, загустители (каррагинан из водорослей Euchema, камедь ксантановая), антиокислители (аскорбиновая кислота, лимонная кислота), пряности, красители: кармины.\r\nПродукт может содержать следы горчицы, глютена, сельдерея и продуктов их переработки.', 'Выводы о продукте сделаны на основании информации, указанной на упаковке товара от 22.10.2021 года', '170', '11.0', '14.0', '0', NULL, NULL, '4607091388244', 11, 10, '2021-10-22 20:08:05', '2021-10-22 20:08:05', 13),
(127, 41, 'Сосиски сочные Папа может', 'Мясной продукт. Изделие колбасное вареное категории В', '20211022_Сосиски сочные Папа может.jpg', 'АО \"ОМПК\"', 'Свинина, вода, мясо птицы механической обвалки куриное, белковый стабилизатор (говяжий, свиной), комплексные пищевые добавки (молоко сухое обезжиренное, животный белок говяжий, смесь посолочно-нитритная (соль, фиксатор окраски 250), регуляторы кислотности: пирофосфаты, трифосфаты, ацетаты натрия, цитраты натрия, Е575; стабилизаторы: альгинат натрия, полифосфаты, Е1412; сахар, экстракты пряностей, усилитель вкуса и аромата Е621, уплотнитель сульфат кальция, антиокислитель аскорбиновая кислота, соевый белок, краситель кармины); крахмал картофельный, соль.\r\nВозможно наличие следовых количеств мяса индейки.', 'Выводы о продукте сделаны на основании информации, указанной на упаковке товара от 22.10.2021 года', '210', '9.0', '18.0', '3.0', NULL, NULL, '4601296007344', 10, 10, '2021-10-22 20:09:16', '2021-10-22 20:09:16', 13),
(128, 41, 'Сосиски докторские Атяшево', 'Изделия колбасные вареные из мяса птицы первого сорта', '20211022_Сосиски докторские Атяшево.jpg', 'ООО \"МПК \"Атяшевский\"', 'Филе куриной грудки, фарш из мяса птицы, вода питьевая, шкурка свиная, свинина, говядина, крахмал картофельный, посолочно-нитритная смесь (соль, фиксатор окраски (нитрит натрия)), пряности и экстракты пряностей (перец черный), антиокислитель (изоаскорбат натрия), регулятор кислотности (пирофосфаты).', 'Выводы о продукте сделаны на основании информации, указанной на упаковке товара от 22.10.2021 года', '200', '10.0', '16.0', '4.0', NULL, NULL, '4607046577860', 11, 10, '2021-10-22 20:10:49', '2021-10-22 20:10:49', 13),
(129, 41, 'Сосиски копченые по-черкизовски Черкизово', 'Изделие колбасное вареное мясное', '20211022_Сосиски копченые по-черкизовски Черкизово.jpg', 'АО \"ЧМПЗ\"', 'Свинина, вода, филе куриное, свиная шкура, картофельный крахмал, молочная сыворотка, виноградный сахар, натуральные ароматизаторы, соль, регулятор кислотности (трифосфаты), стабилизатор (пирофосфаты), специи и их экстракты (в том числе горчичное семя, сельдерей), усилитель вкуса и аромата (глутамат натрия 1-замещенный), антиокислители (изоаскорбат натрия, аскорбат натрия), говяжий белок, глюкоза, краситель (кармины), фиксатор окраски - нитрит натрия', 'Выводы о продукте сделаны на основании информации, указанной на упаковке товара от 22.10.2021 года', '226', '11.0', '18.0', '5.0', NULL, NULL, '4605025027726', 10, 10, '2021-10-22 20:12:13', '2021-10-22 20:12:13', 13),
(130, 41, 'Сосиски молочные Сибагро', 'Изделие колбасное вареное мясное категории Б', '20211022_Сосиски молочные Сибагро.jpg', 'АО \"Аграрная группа МП\"', 'Свинина, говядина, вода питьевая, яйцо куриное, молоко сухое обезжиренное, смесь посолочно-нитритная (соль, фиксатор окраски Е250), стабилизаторы: Е450, Е452, регуляторы кислотности Е451, пряности: перец черный, мускатный орех, сахар, антиокислитель - аскорбиновая кислота, усилитель вкуса и аромата - глутамат натрия.', 'Выводы о продукте сделаны на основании информации, указанной на упаковке товара от 22.10.2021 года', '296', '11.0', '28.0', '0', NULL, NULL, '4670002491319', 10, 10, '2021-10-22 20:13:40', '2021-10-22 20:13:40', 13),
(131, 41, 'Сосиски кудряшовские Сибагро', 'Изделие вар. мясосодержащие категории В', '20211022_Сосиски кудряшовские Сибагро.jpg', 'АО \"Аграрная группа МП\"', 'Свинина, вода, филе кур., шкурка свиная, яйцо кур. см. молоч. белков, смесь посол- нитрит (соль, фиксатор окраски Е250), компл. пищ. добавка (концентрат сывороточный, лактоза, регулятор кислотности Е450, Е451, стабил. Е452, усилит. вкуса и аромата Е621), говяжий белок, клетчатка пшеничная, специи и натур. ароматизаторы: черный перец, мускатный орех, чили, аромат молока, регуляторы кислотности Е330, Е334, Е296, консервант Е260, кармин Е120', 'Выводы о продукте сделаны на основании информации, указанной на упаковке товара от 22.10.2021 года', '287', '11.0', '27.0', '2.0', NULL, NULL, '4670002491302', 10, 10, '2021-10-22 20:14:58', '2021-10-22 20:14:58', 13),
(132, 41, 'Сосиски вареные рубленые Омский бекон', 'Мясное колбасное изделие вареное категории В', '20211022_Сосиски вареные рубленые Омский бекон.jpg', 'АО \"Омский бекон\"', 'Свинина, мясо куриное механической обвалки, вода, шпик, крахмал картофельный, соль, молоко сухое, сахар, пряности и экстракты пряностей (перец черный, имбирь, перец красный, розмарин), ароматизаторы (горчица), масло растительное, стабилизатор пирофосфаты, регулятор кислотности: лимонная кислота, трифосфат; загуститель каррагинан, антиокислитель изоаскорбат натрия, усилитель вкуса и аромата глутамат натрия, краситель кармин, фиксатор окраски нитрит натрия.\r\nМожет содержать следы: горчицы, злаков, сои, орехов, сельдерея, яиц и продуктов их переработки.', 'Выводы о продукте сделаны на основании информации, указанной на упаковке товара от 22.10.2021 года', '237.5', '12.5', '19.5', '3.0', NULL, NULL, '4606941010649', 10, 10, '2021-10-22 20:16:48', '2021-10-22 20:16:48', 13),
(133, 41, 'Сосиски вареные филейные Омский бекон', 'Изделие колбасное вареное из мяса птицы 3 сорт', '20211022_zaglushka.jpg', 'АО \"Омский бекон\"', 'Свинина, вода, кожа куриная, мясо куриное механической обвалки, свиная шкурка, мясо куриное кусковое (с куриным филе), соль, пряности и экстракты пряностей (мускатный орех, перец черный, лук, горчичное семя, пажитник, сельдерей, кориандр), ароматизаторы (горчица, молоко), декстроза, глюкоза, масло растительное, стабилизаторы: Е450, Е452; регуляторы кислотности: Е262, Е331; антиокислители: Е316, Е330; эмульгатор Е471, наполнитель Е325, усилитель вкуса и аромата Е621, краситель пищевой кармин, фиксатор окраски Е250.\r\nМожет содержать следы: злаков, молока, сои, орехов, яиц и продуктов их переработки.', 'Выводы о продукте сделаны на основании информации, указанной на упаковке товара от 22.10.2021 года', '205.5', '12.0', '17.5', '0', NULL, NULL, '4606941011189', 10, 10, '2021-10-22 20:19:29', '2021-10-22 20:19:29', 13),
(134, 41, 'Сосиски вареные сливочные Омский бекон', 'Изделие колбасное вареное из мяса птицы 3 сорт', '20211022_Сосиски вареные сливочные Омский бекон.jpg', 'АО \"Омский бекон\"', 'Свинина, мясо куриное механической обвалки, вода, масло растительное, крахмал картофельный, соль, продукт яичный, сливки, молоко сухое, животный белок говяжий, пряности и экстракты пряностей (перец черный, розмарин), стабилизаторы: цитраты натрия, пирофосфаты; регулятор кислотности молочная кислота; загуститель каррагинан, энтиокислитель изоаскорбат натрия, усилитель вкуса и аромата глутамат натрия, краситель кармин, фиксатор окраски нитрит натрия.\r\nМожет содержать следы: горчицы, злаков, сои, орехов, сельдерея и продуктов их переработки.', 'Выводы о продукте сделаны на основании информации, указанной на упаковке товара от 22.10.2021 года', '264', '9.0', '24.0', '3.0', NULL, NULL, '4606941009407', 10, 10, '2021-10-22 20:21:07', '2021-10-22 20:21:07', 13),
(135, 41, 'Сосиски вареные баварские с сыром Омский бекон', 'Мясосодержащее колбасное изделие вареное категории В', '20211022_Сосиски вареные баварские с сыром Омский бекон.jpg', 'АО \"Омский бекон\"', 'Свинина, вода, мясо куриное механической обвалки, сыр (пастеризованное молоко, соль, мезофильные молочнокислые мекроорганизмы, молокосвертывающий ферментный препарат животного происхождения, уплотнитель хлорид кальция, консервант Е251, краситель Аннато), крахмал картофельный, говядина, соль, животный белок свиной, растительные волокна (пшеничные, овсяные), молоко сухое, ароматизаторы (сливки), пряности и экстракты пряностей (паприка, перец черный, мускатный орех, кардамон, розмарин), декстроза, глюкоза, лактоза, стабилизаторы: альгинат натрия, Е450, Е452; регуляторы кислотности: Е270, Е330, Е334, Е451; антиокислители: аскорбиновая кислота, аскорбат натрия; уплотнитель сульфат кальция, эмульгатор Е470, услитель вкуса и аромата глутамат натрия, краситель кармин; фиксатор окраски нитрит натрия.\r\nМожет содержать следы: горчицы, злаков, сои, орехов, сельдерея, ияц и продуктов их переработки', NULL, NULL, NULL, NULL, NULL, NULL, NULL, '4606941009803', 10, 10, '2021-10-22 20:22:18', '2021-10-22 20:22:18', 13),
(136, 41, 'Сосиски вареные молочные особые Омский бекон', 'Изделие колбасное вареное из мяса птицы 3 сорт', '20211022_Сосиски вареные молочные особые Омский бекон.jpg', 'АО \"Омский бекон\"', 'Свинина, мясо куриное механической обвалки, вода, масло растительное, крахмал картофельный, соль, животные белки (свиной, говяжий), пряности и экстракты пряностей (перец черный, кардамон, мускатный орех), молоко сухое, молочная сыворотка, ароматизатор (горчица), декстроза, лактоза, растительные волокна, стабилизатор альганит натрия, регуляторы кислотности: ацетат натрия, цитрат натрия, пирофосфаты, трифосфаты; антиокислители: аскорбиновая кислота, аскорбат натрия; загуститель ксантановая камедь, эмульгатор Е471, усилитель вкуса и аромата глутамат натрия, краситель кармин, фиксатор окраски нитрит натрия.\r\nМожет содержать следы: горчицы, злаков, сои, орехов, сельдерея, яиц и продуктов их переработки.', 'Выводы о продукте сделаны на основании информации, указанной на упаковке товара от 22.10.2021 года', '150', '13.0', '10.0', '2.0', NULL, NULL, '4606941009308', 10, 10, '2021-10-22 20:23:53', '2021-10-22 20:23:53', 13),
(137, 41, 'Сосиски вареные сочные Омский бекон', 'Изделие колбасное вареное из мяса птицы 3 сорт', '20211022_Сосиски вареные сочные Омский бекон.jpg', 'АО \"Омский бекон\"', 'Свинина, мясо куриное механической обвалки, вода, соль, крахмал картофельный, пряности и экстракты пряностей (перец черный, розмарин, мускатный цвет), продукт яичный, ароматизатор, декстроза, стабилизаторы: альгинат натрия, полифосфаты; регуляторы кислотности: молочная кислота, лимонная кислота, винная кислота, Е450, Е451; антиокислитель аскорбиновая кислота, уплотнитель сульфат кальция, усилитель вкуса и аромата глутамат натрия, краситель кармин, фиксатор окраски нитрит натрия.\r\nМожет содержать следы: горчицы, злаков, молока, сои, орехов, сельдерея и продуктов их переработки', 'Выводы о продукте сделаны на основании информации, указанной на упаковке товара от 22.10.2021 года', '152', '9.0', '12.0', '2.0', NULL, NULL, '4606941009483', 10, 10, '2021-10-22 20:25:22', '2021-10-22 20:25:22', 13),
(138, 41, 'Сосиски большие немецкие классические Дымов', 'Продукт мясной. Изделие колбасное вареное, сосиски мясные категории Б.', '20211022_Сосиски большие немецкие классические Дымов.jpg', 'ООО \"ЯРСК\"', 'Свинина, вода питьевая, филе кур, говядина, стабилизаторы (пирофосфат натрия, цитрат натрия), декстроза, специи (перец черный молотый, паприка), антиокислитель (изоаскорбат натрия), животный белок (говяжий), загуститель (альгинат натрия), нитритно-посолочная смесь (соль пищевая, фиксатор окраски (нитрит натрия)), молоко сухое коровье, ароматизаторы, усилитель вкуса (дрожжевые экстракты), сахар, красители (кармин, пищевой рис ферментированный красный).\r\nМожет содержать следы сои, горчицы, злаков, грецких орехов, яиц, сельдерея и продуктов их переработки.', 'Выводы о продукте сделаны на основании информации, указанной на упаковке товара от 22.10.2021 года', '223', '13.0', '19.0', '0', NULL, NULL, '4670024891456', 10, 10, '2021-10-22 20:26:32', '2021-10-22 20:26:51', 13),
(139, 41, 'Сосиски большие английские с беконом Дымов', 'Продукт мясной. Изделие колбасное вареное, сосиски мясные категории Б', '20211022_Сосиски большие английские с беконом Дымов.jpg', 'ООО \"ЯРСК\"', 'Свинина, вода пит, филе кур, грудинка свиная, говядина, стабилизаторы (пирофосфат и цитрат натрия), декстроза, специи (перец черный молот. паприка), экстракты специй и трав (тмин, укроп, розмарин, петрушка, майоран), антиокислитель (изоаскорбат натрия), животный белок говяжий), загуститель (альгинат натрия), нитритно-посолочная смесь (соль пищ, фиксатор окраски (нитрит натрия), молоко сух. коровье, сыворотка молочная, ароматизаторы, животный белок (свиной), уселители вкуса (дрожж. экстракты, глютамат натрия), антиокислители (аскорбат натрия), сахар, красители (кармин, пищ. рис ферментирован. красный).\r\nМожет содержать следы сои, горчицы, злаков, грецких орехов, яиц, сельдерея и продуктов их переработки.', 'Выводы о продукте сделаны на основании информации, указанной на упаковке товара от 22.10.2021 года', '228', '12.0', '20.0', '0', NULL, NULL, '4670024891470', 10, 10, '2021-10-22 20:28:10', '2021-10-25 20:02:11', 13),
(140, 41, 'Сосиски молочные ГОСТ Дымов', 'Мясной продукт, изделие колбасное вареное пастеризованное, сосиски категории : \"Молочные\"', '20211022_Сосиски молочные ГОСТ Дымов.jpg', 'ООО \"ЯРСК\"', 'Свинина, говядина, вода питьевая, яйца куриные, молоко питьевое 3,2%, нитритно-посолочная смесь (соль поваренная пищевая, фиксатор окраски (нитрит натрия)), сахар-песок, стабилизаторы (пирофосфат натрия, полифосфат натрия), пряности (перец черный молотый, перец душистый, орех мускатный молотые), усилитель вкуса и аромата (глутумат натрия), антиокислитель (аскорбинат натрия).\r\nМожет содержать следы горчицы, злаков, сои, грецких орехов и продуктов их переработки.', 'Выводы о продукте сделаны на основании информации, указанной на упаковке товара от 22.10.2021 года', '296', '11.0', '28.0', '0', NULL, NULL, '4670024891708', 10, 10, '2021-10-22 20:30:31', '2021-10-22 20:30:31', 13),
(141, 41, 'Сосиски баварушка со сливочным маслом Стародворье', 'Мясной продукт, колбасные изделия вареные', '20211022_Сосиски баварушка со сливочным маслом Стародворье.jpg', 'ЗАО \"Стародворские колбасы\"', 'Свинина, мясо птицы кусковое, мясо цыпленка-бройлера механической обвалки, говядина, вода питьевая, масло сливочное (сливки пастеризованные), молоко коровье сухое, крахмал картофельный, белковый стабилизатр (шкурка свиная, вода питьевая), нитритная соль (соль, фиксатор окраски: нитрит натрия), соль, продукты яичные, загустители (гуаровая камедь, ксантановая камедь, конжаковая камедь, каррагинан из водорослей Euchema), животный белок, пряности, антиокислители (лимонная кислота, аскорбиновая кислота), стабилизатор: полифосфат натрия, краситель: кармины.\r\nМожет содержать следы горчицы, глютена, сельдерея и продуктов их переработки.', 'Выводы о продукте сделаны на основании информации, указанной на упаковке товара от 22.10.2021 года', '180', '10.0', '15.0', '0', NULL, NULL, '4607091384352', 11, 10, '2021-10-22 20:31:44', '2021-10-22 20:31:44', 13),
(142, 43, 'Семга слабосоленая Каждый день', NULL, '20211023_Семга слабосоленая Каждый день.jpg', 'ОАО \"Рыбообрабатывающий комбинат №1\"', 'Лосось атлантический (семга), соль поваренная пищевая, консервант бензонат натрия', 'Выводы о продукте сделаны на основании информации, указанной на упаковке товара от 22.10.2021 года', '188', '19.0', '12.4', '0', NULL, NULL, NULL, 10, 10, '2021-10-23 13:53:41', '2021-10-23 13:56:42', 13),
(143, 43, 'Форель слабосоленая Северная компания', NULL, '20211023_Форель слабосоленая Северная компания.jpg', 'АО \"ИТА Северная компания\"', 'Форель, соль, консерванты: Е-202, Е-211', 'Выводы о продукте сделаны на основании информации, указанной на упаковке товара от 22.10.2021 года', '160', '22.0', '6.0', '0', NULL, NULL, NULL, 10, 10, '2021-10-23 13:58:47', '2021-10-23 13:58:47', 13),
(144, 43, 'Форель слабосоленая Gustafsen', NULL, '20211023_Форель слабосоленая Gustafsen.jpg', 'АО \"ИТА Северная компания\"', 'Форель радужная (продукция аквакультуры), соль, консерванты (Е202, Е211)', 'Выводы о продукте сделаны на основании информации, указанной на упаковке товара от 22.10.2021 года', '140', '22.0', '6.0', '0.0', NULL, NULL, NULL, 10, 10, '2021-10-23 14:12:31', '2021-10-23 14:12:31', 13),
(145, 43, 'Семга слабосоленая Аморе', NULL, '20211023_Семга слабосоленая Аморе.jpg', 'ОАО \"Рыбообрабатывающий комбинат №1\"', 'Семга (Salmo salar), соль, консервант: бензонат натрия', NULL, '187.6', '19.0', '12.4', '0.0', NULL, NULL, NULL, 10, 10, '2021-10-23 14:15:06', '2021-10-23 14:15:06', 13),
(146, 43, 'Форель слабосоленая Аморе', NULL, '20211023_Форель слабосоленая Аморе.jpg', 'ОАО \"Рыбообрабатывающий комбинат №1\"', 'Форель радужная, соль, консервант Е211', 'Выводы о продукте сделаны на основании информации, указанной на упаковке товара от 22.10.2021 года', '148', '16.4', '9.1', '0.0', NULL, NULL, NULL, 10, 10, '2021-10-23 14:16:59', '2021-10-23 14:16:59', 13),
(147, 43, 'Форель слабосоленая Атлантика', NULL, '20211023_Форель слабосоленая Атлантика.jpg', 'ООО \"Фосфорель\"', 'Форель, соль пищевая, консерванты: бензонат натрия, сорбат калия', 'Выводы о продукте сделаны на основании информации, указанной на упаковке товара от 22.10.2021 года', '94', '19.0', '2.0', '0.0', NULL, NULL, NULL, 10, 10, '2021-10-23 14:28:15', '2021-10-23 14:28:15', 13),
(148, 43, 'Горбуша слабосоленая Атлантика', NULL, '20211023_Горбуша слабосоленая Атлантика.jpg', 'ООО \"Фосфорель\"', 'Горбуша, соль пищевая, консерванты: бензонат натрия, сорбат калия', 'Выводы о продукте сделаны на основании информации, указанной на упаковке товара от 22.10.2021 года', '169', '22.0', '9.0', '0.0', NULL, NULL, NULL, 10, 10, '2021-10-23 14:29:54', '2021-10-23 14:29:54', 13),
(149, 43, 'Горбуша холодного копчения Марти', NULL, '20211023_Горбуша холодного копчения Марти.jpg', 'ООО \"Марти\"', 'Горбуша, соль поваренная пищевая, пищевые консерванты: бензонат натрия', 'Выводы о продукте сделаны на основании информации, указанной на упаковке товара от 22.10.2021 года', '170', '22.0', '9.0', '0.0', NULL, NULL, NULL, 10, 10, '2021-10-23 14:31:25', '2021-10-25 20:39:36', 13),
(150, 43, 'Форель слабосоленая Красная цена', NULL, '20211023_Форель слабосоленая Красная цена.jpg', 'ООО \"Тесей\"', 'Форель радужная (Oncorhynchus mykiss), соль пищевая, консерванты: бензонат натрия, сорбат калия, красители: кармин, куркумин', 'Выводы о продукте сделаны на основании информации, указанной на упаковке товара от 22.10.2021 года', '178', '22.0', '10.0', '0', NULL, NULL, NULL, 10, 10, '2021-10-23 14:33:37', '2021-10-23 14:33:37', 13),
(151, 43, 'Кета слабосоленая Злотая fishка', NULL, '20211023_Кета слабосоленая Злотая fishка.jpg', 'ООО \"РК \"Акватория\"', 'Кета филе кусок, комплексная пищевая добавка: \"Морская соль\" (морская соль пищевая, сахар, нитрат калия Е252), консерванты: бензонат натрия Е211, сорбат калия Е202, краситель понсо Е124', 'Выводы о продукте сделаны на основании информации, указанной на упаковке товара от 22.10.2021 года', '184', '24.3', '9.6', '0.0', NULL, NULL, NULL, 10, 10, '2021-10-23 14:35:52', '2021-10-23 14:35:52', 13),
(152, 43, 'Форель слабосоленая Fish house', NULL, '20211023_Форель слабосоленая Fish house.jpg', 'ОАО ПКП \"Меридиан\"', 'Форель радужная (Salmo irideus), соль', NULL, '110', '17.26', '4.7', '0', NULL, NULL, NULL, 12, 10, '2021-10-23 14:37:39', '2021-10-23 14:37:39', 13),
(153, 43, 'Семга соленая Хороший выбор', NULL, '20211023_Семга соленая Хороший выбор.jpg', 'ИП Лукашов Д.В.', 'Семга (атлантический лосось, аквакультура), соль пищевая, консервант бензонат натрия', 'Выводы о продукте сделаны на основании информации, указанной на упаковке товара от 22.10.2021 года', '259', '22.0', '19.0', '0.0', NULL, NULL, NULL, 10, 10, '2021-10-23 14:39:28', '2021-10-23 14:39:28', 13),
(154, 43, 'Семга подкопченная Санта бремор', NULL, '20211023_Семга подкопченная Санта бремор.jpg', 'АО \"Русское море\"', 'Семга, соль, соль морская, антиокислитель экстракты розмарина', NULL, '183', '18.8', '12.0', '0', NULL, NULL, NULL, 12, 10, '2021-10-23 14:41:16', '2021-10-27 20:49:08', 13),
(155, 43, 'Форель слабосоленая Fishbergen', NULL, '20211023_Форель слабосоленая Fishbergen.jpg', 'ООО \"Подольский Рыбокомбинат\"', 'Форель (озерная, радужная), соль, консерванты: бензонат натрия (Е211), сорбат калия (Е202)', 'Выводы о продукте сделаны на основании информации, указанной на упаковке товара от 22.10.2021 года', '174', '21.0', '10.0', '0.0', NULL, NULL, NULL, 10, 10, '2021-10-23 15:06:07', '2021-10-23 15:06:07', 13),
(156, 43, 'Семга холодного копчения Fishbergen', NULL, '20211023_Семга холодного копчения Fishbergen.jpg', 'ООО \"Подольский Рыбокомбинат\"', 'Лосось атлантический, соль', NULL, '220', '24.0', '14.0', '0', NULL, NULL, NULL, 12, 10, '2021-10-23 15:07:40', '2021-10-23 15:07:40', 13),
(157, 43, 'Форель холодного копчения Пять океанов', NULL, '20211023_Форель холодного копчения Пять океанов.jpg', 'ООО \"Проморе\"', 'Форель радужная (Salmo irideus), соль', NULL, '174', '12.0', '14.0', '0', NULL, NULL, NULL, 12, 10, '2021-10-23 15:09:07', '2021-10-23 15:09:07', 13),
(158, 43, 'Форель слабосоленая Кетус', NULL, '20211023_Форель слабосоленая Кетус.jpg', 'ООО \"КАМЕЯ-АЛЬФА\"', 'Форель радужная, соль', NULL, '143', '15.5', '9.0', '0', NULL, NULL, NULL, 12, 10, '2021-10-23 15:10:36', '2021-10-23 15:10:36', 13),
(159, 43, 'Масляная рыба эсколар холодного копчения Балтийский берег', NULL, '20211023_Масляная рыба эсколар холодного копчения Балтийский берег.jpg', 'ООО \"ТД \"Балтийский берег\"', 'Эсколар (масляная рыба), соль', NULL, '240', '15.0', '20.0', '0.0', NULL, NULL, NULL, 12, 10, '2021-10-23 15:13:23', '2021-10-23 15:13:23', 13),
(160, 43, 'Форель подкопченая Русское море', NULL, '20211023_Форель подкопченая Русское море.jpg', 'АО \"Русское море\"', 'Форель радужная, соль морская, соль, антиокислитель экстракты розмарина', NULL, '207', '18.7', '14.7', '0', NULL, NULL, NULL, 12, 10, '2021-10-23 15:15:55', '2021-10-27 20:49:00', 13),
(161, 43, 'Семга подкопченая Русское море', NULL, '20211023_Семга подкопченая Русское море.jpg', 'АО \"Русское море\"', 'Семга, соль морская, соль, антиокислитель экстракты розмарина', NULL, '183', '18.8', '12.0', '0', NULL, NULL, NULL, 12, 10, '2021-10-23 15:17:14', '2021-10-27 20:48:52', 13),
(162, 43, 'Форель слабосоленая 365 дней', NULL, '20211023_Форель слабосоленая 365 дней.jpg', 'ООО \"Проморе\"', 'Форель радужная (Salmo irideus), соль, консерванты (бензонат натрия, сорбат калия)', 'Выводы о продукте сделаны на основании информации, указанной на упаковке товара от 22.10.2021 года', '170', '12.0', '14.0', '0', NULL, NULL, NULL, 10, 10, '2021-10-23 15:18:37', '2021-10-23 15:18:37', 13),
(163, 43, 'Семга слабосоленая Кетус', NULL, '20211023_Семга слабосоленая Кетус.jpg', 'ООО \"КАМЕЯ-АЛЬФА\"', 'Рыба (семга (лосось атлантический), соль, консервант - бензонат натрия', NULL, '165', '16.5', '11.0', '0.0', NULL, NULL, NULL, 10, 10, '2021-10-23 15:20:38', '2021-10-23 15:20:38', 13),
(164, 43, 'Форель слабосоленая Меридиан эко', NULL, '20211023_Форель слабосоленая Меридиан эко.jpg', 'ОАО ПКП \"Меридиан\"', 'Форель радужная морская (Oncorhynchus mykiss), соль', NULL, '200', '17.5', '13.9', '0', NULL, NULL, NULL, 12, 10, '2021-10-23 15:27:32', '2021-10-23 15:27:32', 13),
(165, 43, 'Форель артезианская слабосоленая Санта бремор', NULL, '20211023_Форель артезианская слабосоленая Санта бремор.jpg', 'АО \"Русское море\"', 'Форель радужная, соль, консерванты: Е211, Е202', 'Выводы о продукте сделаны на основании информации, указанной на упаковке товара от 22.10.2021 года', '218', '23.0', '14.0', '0', NULL, NULL, NULL, 10, 10, '2021-10-23 15:28:47', '2021-10-27 20:48:46', 13),
(166, 43, 'Форель слабосоленая Меридиан филе-кусок', NULL, '20211023_Форель слабосоленая Меридиан филе-кусок.jpg', 'ОАО ПКП \"Меридиан\"', 'Форель радужная пресноводная (Salmo irideus), соль', NULL, '110', '17.26', '4.7', '0', NULL, NULL, NULL, 12, 10, '2021-10-23 15:30:05', '2021-10-23 15:30:05', 13),
(167, 43, 'Филе тунца х.к ИП Локтионова Н.Н.', NULL, '20211023_Филе тунца х.к ИП Локтионова Н.Н..jpg', 'ИП Локтионова Н.Н.', 'Тунец филе, соль поваренная пищевая', NULL, '100.5', '24.0', '0.5', '0', NULL, NULL, NULL, 12, 10, '2021-10-23 15:31:41', '2021-10-23 15:31:41', 13),
(168, 43, 'Семга слабосоленая Меридиан ломтики', NULL, '20211023_Семга слабосоленая Меридиан ломтики.jpg', 'ОАО ПКП \"Меридиан\"', 'Лосось атлантический (Salmo salar), соль', NULL, '210', '19.8', '14.9', '0', NULL, NULL, NULL, 12, 10, '2021-10-23 15:32:47', '2021-10-23 15:32:47', 13),
(169, 43, 'Форель слабосоленая Океан', NULL, '20211023_Форель слабосоленая Океан.jpg', 'ООО \"Океан Трейдинг Компани-П\"', 'Форель радужная, соль, консервант - бензонат натрия', 'Выводы о продукте сделаны на основании информации, указанной на упаковке товара от 22.10.2021 года', '148', '16.4', '9.1', '0', NULL, NULL, NULL, 10, 10, '2021-10-23 15:34:12', '2021-10-23 15:34:12', 13),
(170, 43, 'Форель холодного копчения Лента', NULL, '20211023_Форель холодного копчения Лента.jpg', 'ООО \"Проморе\"', 'Форель радужная (Salmo irideus), соль', NULL, '170', '12.0', '14.0', '0', NULL, NULL, NULL, 12, 10, '2021-10-23 15:35:31', '2021-10-23 15:35:31', 13),
(171, 43, 'Семга слабосоленая Лента', NULL, '20211023_Семга слабосоленая Лента.jpg', 'ООО \"Проморе\"', 'Лосось атлантический (семга) (Salmo salar), соль, консерванты (бензнат натрия, сорбат калия)', 'Выводы о продукте сделаны на основании информации, указанной на упаковке товара от 22.10.2021 года', '170', '12.0', '14.0', '0', NULL, NULL, NULL, 10, 10, '2021-10-23 15:38:32', '2021-10-23 15:38:32', 13),
(172, 43, 'Семга слабосоленая Санта бремор', NULL, '20211023_Семга слабосоленая Санта бремор.jpg', 'АО \"Русское море\"', 'Семга, соль, соль морская, антиокислитель экстракты розмарина', NULL, '201', '17.8', '14.4', '0', NULL, NULL, NULL, 12, 10, '2021-10-23 16:07:41', '2021-10-27 20:48:38', 13),
(173, 43, 'Форель слабосоленая Морская планета', NULL, '20211023_Форель слабосоленая Морская планета.jpg', 'ОАО \"Рыбообрабатывающий комбинат №1\"', 'Рыба, соль, консервант - бензонат натрия', 'Выводы о продукте сделаны на основании информации, указанной на упаковке товара от 22.10.2021 года', '146', '16.0', '9.1', '0', NULL, NULL, NULL, 10, 10, '2021-10-23 16:14:44', '2021-10-23 16:14:44', 13),
(174, 43, 'Форель слабосоленая Мирамар', NULL, '20211023_Форель слабосоленая Мирамар.jpg', 'ОАО ПКП \"Меридиан\"', 'Форель радужная морская (Oncorhynchus mykiss), соль', NULL, '200', '17.5', '13.9', '0.0', NULL, NULL, NULL, 12, 10, '2021-10-23 16:15:59', '2021-10-23 16:15:59', 13),
(175, 43, 'Семга холодного копчения Лента', NULL, '20211023_Семга холодного копчения Лента.jpg', 'АО \"Рыбокомбинат\"', 'Лосось атлинтический (семга) (Salmo salar), соль', NULL, '210', '23.0', '13.0', '0.0', NULL, NULL, NULL, 12, 10, '2021-10-23 16:17:35', '2021-10-23 16:17:35', 13),
(176, 43, 'Кета холодного копчения Своя рыбка', NULL, '20211023_Кета холодного копчения Своя рыбка.jpg', 'ОАО \"Рыбообрабатывающий комбинат №1\"', 'Рыба, соль', NULL, '151', '22.0', '7.0', '0', NULL, NULL, NULL, 12, 10, '2021-10-23 16:18:50', '2021-10-23 16:18:50', 13),
(177, 43, 'Семга слабосоленая 365 дней', NULL, '20211023_Семга слабосоленая 365 дней.jpg', 'АО \"Рыбокомбинат\"', 'Лосось атлантический (семга) (Salmo salar), соль, консерванты (сорбат калия, бензонат натрия)', 'Выводы о продукте сделаны на основании информации, указанной на упаковке товара от 22.10.2021 года', '210', '23.0', '13.0', '0', NULL, NULL, NULL, 10, 10, '2021-10-23 16:24:20', '2021-10-23 16:24:20', 13),
(178, 43, 'Кета слабосоленая 365 дней', NULL, '20211023_Кета слабосоленая 365 дней.jpg', 'ООО \"Проморье\"', 'Кета дальневосточная(Oncorhynchus keta), соль, консерванты (бензонат натрия, сорбат калия)', 'Выводы о продукте сделаны на основании информации, указанной на упаковке товара от 22.10.2021 года', '130', '10.0', '10.0', '0.0', NULL, NULL, NULL, 10, 10, '2021-10-23 16:25:36', '2021-10-23 16:25:36', 13),
(179, 43, 'Форель слабосоленая Пять океанов', NULL, '20211023_Форель слабосоленая Пять океанов.jpg', 'ООО \"Проморье\"', 'Форель радужная (Salmo irideus), соль, консерванты (бензонат натрия, сорбат калия)', 'Выводы о продукте сделаны на основании информации, указанной на упаковке товара от 22.10.2021 года', '170', '12.0', '14.0', '0.0', NULL, NULL, NULL, 10, 10, '2021-10-23 16:28:06', '2021-10-23 16:28:06', 13),
(180, 43, 'Форель слабосоленая Лента', NULL, '20211023_Форель слабосоленая Лента.jpg', 'ООО \"Фиш Ритейл Сервис\"', 'Форель радужная (salmo irideus), соль, консерванты (бензонат натрия, сарбат калия)', 'Выводы о продукте сделаны на основании информации, указанной на упаковке товара от 22.10.2021 года', '170', '12.0', '14.0', '0', NULL, NULL, NULL, 10, 10, '2021-10-23 16:29:35', '2021-10-23 16:29:35', 13),
(181, 43, 'Форель слабосоленая Меридиан ломтики', NULL, '20211023_Форель слабосоленая Меридиан ломтики.jpg', 'ОАО ПКП \"Меридиан\"', 'Форель радужная (Parasalmo irideus), соль', NULL, '200', '17.5', '13.9', '0', NULL, NULL, NULL, 12, 10, '2021-10-23 16:42:33', '2021-10-25 19:51:04', 13),
(182, 43, 'Форель подкопченая Санта бремор', NULL, '20211023_Форель подкопченая Санта бремор .jpg', 'АО \"Русское море\"', 'Форель радужная, соль, соль морская, антиокислитель экстракты розмарина', NULL, '207', '18.7', '14.7', '0', NULL, NULL, NULL, 12, 10, '2021-10-23 16:44:49', '2021-10-27 20:48:30', 13),
(183, 43, 'Горбуша холодного копчения Русское море', NULL, '20211023_Горбуша холодного копчения Русское море.jpg', 'АО \"Русское море\"', 'Горбуша, соль; регулятор кислотности: Е262, Е262ii, E331iii; антиокислитель Е316', 'Выводы о продукте сделаны на основании информации, указанной на упаковке товара от 22.10.2021 года', '177', '24.0', '9.0', '0.0', NULL, NULL, NULL, 11, 10, '2021-10-23 16:48:03', '2021-10-27 20:48:24', 13),
(184, 43, 'Форель слабосоленая Моя цена', NULL, '20211023_Форель слабосоленая Моя цена.jpg', 'АО \"Тандер\"', 'Филе рыбы, соль поваренная, консервант бензонат натрия (Е211)', 'Выводы о продукте сделаны на основании информации, указанной на упаковке товара от 22.10.2021 года', '142', '19.0', '6.0', '0', NULL, NULL, NULL, 10, 10, '2021-10-23 16:52:12', '2021-10-23 16:52:12', 13),
(185, 43, 'Лосось атлантический (семга) Балтийский берег филе-кусок с кожей', NULL, '20211023_Лосось атлантический (семга) Балтийский берег филе-кусок с кожей.jpg', 'ООО \"ТД \"Балтийский берег\"', 'Лосось атлантический (семга), соль морская, соль, консерванты: Е211, Е202', 'Выводы о продукте сделаны на основании информации, указанной на упаковке товара от 22.10.2021 года', '150', '19.0', '8.0', '0.0', NULL, NULL, NULL, 10, 10, '2021-10-23 16:53:53', '2021-10-23 16:53:53', 13),
(186, 43, 'Форель слабосоленая Балтийский берег', NULL, '20211023_Форель слабосоленая Балтийский берег.jpg', 'ООО \"ТД \"Балтийский берег\"', 'Форель радужная, соль морская, консерванты: Е211, Е202', 'Выводы о продукте сделаны на основании информации, указанной на упаковке товара от 22.10.2021 года', '190', '20.0', '12.0', '0', NULL, NULL, NULL, 10, 10, '2021-10-23 16:55:25', '2021-10-23 16:55:25', 13),
(187, 43, 'Семга слабосоленая Балтийский берег', NULL, '20211023_Семга слабосоленая Балтийский берег.jpg', 'ООО \"ТД \"Балтийский берег\"', 'Лосось атлантический (семга), соль морская, соль, консерванты: Е211, Е202', 'Выводы о продукте сделаны на основании информации, указанной на упаковке товара от 22.10.2021 года', '150', '19.0', '8.0', '0.0', NULL, NULL, NULL, 10, 10, '2021-10-23 16:57:01', '2021-10-23 16:57:01', 13),
(188, 43, 'Форель артезианская Санта бремор холодного копчения', NULL, '20211025_Форель артезианская Санта бремор холодного копчения.jpg', 'АО \"Русское море\"', 'Форель радужная, соль; регуляторы кислотности: Е262i, Е262ii, Е331iii; антиокислитель Е316', 'Выводы о продукте сделаны на основании информации, указанной на упаковке товара от 22.10.2021 года', '218', '23.0', '14.0', '0', NULL, NULL, NULL, 11, 10, '2021-10-23 16:58:19', '2021-10-27 20:48:16', 13),
(189, 43, 'Форель слабосоленая Дары океана', NULL, '20211023_Форель слабосоленая Дары океана.jpg', 'ООО \"Эстотрейд\"', 'Филе рыбы, соль поваренная, консерванты: Е211, Е202', 'Выводы о продукте сделаны на основании информации, указанной на упаковке товара от 22.10.2021 года', '142', '19.0', '6.0', '0.0', NULL, NULL, NULL, 10, 10, '2021-10-23 16:59:43', '2021-10-23 16:59:43', 13),
(190, 43, 'Масляная холодного копчения Дары океана', NULL, '20211023_Масляная холодного копчения Дары океана .jpg', 'ООО \"Эстотрейд\"', 'Филе рыбы, соль поваренная', NULL, '236', '23.0', '16.0', '0.0', NULL, NULL, NULL, 12, 10, '2021-10-23 17:03:27', '2021-10-23 17:03:27', 13),
(191, 43, 'Кета рыбный цех ИП Калашников', NULL, '20211023_Кета рыбный цех ИП Калашников.jpg', 'ИП Калашников А.В.', 'Кета, соль', NULL, '211', '15.0', '13.0', '0.0', NULL, NULL, NULL, 12, 10, '2021-10-23 17:07:38', '2021-10-25 20:22:00', 13),
(192, 43, 'Кета холодного копчения Русское море', NULL, '20211023_Кета холодного копчения Русское море.jpg', 'АО \"Русское море\"', 'Кета, соль; регулятор кислотности: Е262i, Е262ii, Е331iii; антиокислитель Е316', 'Выводы о продукте сделаны на основании информации, указанной на упаковке товара от 22.10.2021 года', '116', '20.0', '4.0', '0', NULL, NULL, NULL, 11, 10, '2021-10-23 17:09:43', '2021-10-27 20:48:08', 13),
(193, 43, 'Кета холодного копчения Диаф ломтики', NULL, '20211023_zaglushka.jpg', 'ИП Шустова С.Г.', 'Рыба кета, соль пищевая', NULL, '116', '20.0', '4.0', '0.0', NULL, NULL, NULL, 12, 10, '2021-10-23 17:12:40', '2021-10-25 20:20:26', 13),
(194, 43, 'Кета соленая Тунцов', NULL, '20211023_Кета соленая Тунцов.jpg', 'ИП Шустова С.Г.', 'Рыба кета, соль пищевая, консервант Е211, Е202', 'Выводы о продукте сделаны на основании информации, указанной на упаковке товара от 22.10.2021 года', '177', '24.0', '9.0', '0', NULL, NULL, NULL, 10, 10, '2021-10-23 17:15:11', '2021-10-23 17:15:11', 13),
(195, 43, 'Форель слабосоленая Тунцов', NULL, '20211023_Форель слабосоленая Тунцов.jpg', 'БГСП \"Санта Бремор\"', 'Форель радужная (oncorhynchus mykiss), соль, соль морская, антиокислитель экстракты розмарина', NULL, '180', '18.0', '12.0', '0.0', NULL, NULL, NULL, 12, 10, '2021-10-23 17:23:50', '2021-10-25 20:19:18', 13),
(196, 43, 'Сельдь слабосоленая Диаф филе', NULL, '20211023_Сельдь слабосоленая Диаф филе.jpg', 'ИП Шустова С.Г.', 'Рыба сельдь, соль пищевая, консерванты Е211, Е202, Е200, регулятор кислотности Е330, Е450, глутамат Е621', 'Выводы о продукте сделаны на основании информации, указанной на упаковке товара от 22.10.2021 года', '187', '18.2', '12.8', '0.0', NULL, NULL, NULL, 10, 10, '2021-10-23 17:28:46', '2021-10-23 17:28:46', 13),
(197, 43, 'Форель слабосоленая Диаф', NULL, '20211023_Форель слабосоленая Диаф.jpg', 'ИП Шустова С.Г.', 'Рыба форель, соль пищевая, консерванты Е211, Е202', 'Выводы о продукте сделаны на основании информации, указанной на упаковке товара от 22.10.2021 года', '222', '22.3', '10.6', '0.0', NULL, NULL, NULL, 10, 10, '2021-10-23 17:30:38', '2021-10-23 17:30:38', 13),
(198, 43, 'Форель подкопченая Моремания', NULL, '20211023_Форель подкопченая Моремания.jpg', 'АО \"ИТА Северная компания\"', 'Форель радужная (продукция аквакультуры), соль', NULL, '140', '22.0', '6.0', '0.0', NULL, NULL, NULL, 12, 10, '2021-10-23 17:32:51', '2021-10-23 17:32:51', 13),
(199, 43, 'Горбуша слабосоленая Диаф', NULL, '20211023_Горбуша слабосоленая Диаф.jpg', 'ИП Шустова С.Г.', 'Рыба, соль, консервант Е211', 'Выводы о продукте сделаны на основании информации, указанной на упаковке товара от 22.10.2021 года', '165', '21.0', '8.0', '0.0', NULL, NULL, NULL, 10, 10, '2021-10-23 17:35:39', '2021-10-23 17:35:39', 13);
INSERT INTO `products` (`id`, `category_id`, `nameProduct`, `dopOpisanie`, `imgProduct`, `proizvoditel`, `sostav`, `nezhelDobavki`, `kkal`, `belki`, `zhir`, `uglevodi`, `sahar`, `kletchatka`, `shtrihkod`, `vivod_id`, `add_user_id`, `created_at`, `updated_at`, `status_id`) VALUES
(200, 43, 'Нерка слабосоленая Меридиан', NULL, '20211023_Нерка слабосоленая Меридиан.jpg', 'ОАО ПКП \"Меридиан\"', 'Нерка (Oncorhynchus nerka), соль', NULL, '160', '20.0', '9.0', '0.0', NULL, NULL, NULL, 12, 10, '2021-10-23 17:37:37', '2021-10-23 17:37:37', 13),
(201, 43, 'Кижуч слабосоленый Меридиан', NULL, '20211023_Кижуч слабосоленый Меридиан.jpg', 'ОАО ПКП \"Меридиан\"', 'Кижуч (Oncorhynchus kisutch), соль', NULL, '140', '19.0', '7.0', '0.0', NULL, NULL, NULL, 12, 10, '2021-10-23 17:45:18', '2021-10-23 17:45:18', 13),
(202, 43, 'Семга слабосоленая Меридиан', NULL, '20211023_Семга слабосоленая Меридиан.jpg', 'ОАО ПКП \"Меридиан\"', 'Лосось атлантический (Salmo salar), соль', NULL, '290', '20.0', '23.0', '0', NULL, NULL, NULL, 12, 10, '2021-10-23 17:47:06', '2021-10-23 17:47:06', 13),
(203, 43, 'Сельдь слабосоленая Вкусвилл', NULL, '20211025_Сельдь слабосоленая Вкусвилл.jpg', 'ООО КРПЗ \"Морепродукты\"', 'Филе сельди тихоокеанской (Clupea pallasii), соль пищевая, консервант – сорбиновая кислота', 'Выводы о продукте сделаны на основании информации, указанной на упаковке товара от 22.10.2021 года', '185', '13.2', '14.3', '0', NULL, NULL, NULL, 11, 10, '2021-10-25 17:44:38', '2021-10-25 17:44:38', 13),
(204, 43, 'Форель филе ломтики слабосоленые Вкусвилл', NULL, '20211025_Форель филе ломтики слабосоленые Вкусвилл .jpg', NULL, 'Форель радужная, соль пищевая', NULL, '142', '22.0', '6.0', '0.0', NULL, NULL, NULL, 12, 10, '2021-10-25 17:46:55', '2021-10-25 17:46:55', 13),
(205, 43, 'Форель слабосоленая Меридиан', NULL, '20211025_Форель слабосоленая Меридиан.jpg', 'ОАО ПКП \"Меридиан\"', 'Форель радужная морская (Oncorhynchus mykiss), соль', NULL, '290', '20.0', '23.0', '0.0', NULL, NULL, NULL, 12, 10, '2021-10-25 17:48:58', '2021-10-25 17:48:58', 13),
(206, 43, 'Горбуша слабосоленая Меридиан', NULL, '20211025_Горбуша слабосоленая Меридиан.jpg', 'ОАО ПКП \"Меридиан\"', 'Горбуша (Oncorhynchus gorbuscha), соль', NULL, '150', '21.2', '7.1', '0.0', NULL, NULL, NULL, 12, 10, '2021-10-25 17:51:01', '2021-10-25 17:51:01', 13),
(207, 43, 'Форель слабосоленая Своя рыбка', NULL, '20211025_Форель слабосоленая Своя рыбка.jpg', 'ОАО \"Рыбообрабатывающий комбинат №1\"', 'Форель радужная, соль', NULL, '135', '18.0', '7.6', '0.0', NULL, NULL, NULL, 12, 10, '2021-10-25 17:53:45', '2021-10-25 17:53:45', 13),
(208, 43, 'Форель слабосоленая Меридиан пицца, паста и салат', NULL, '20211025_Форель слабосоленая Меридиан пицца, паста и салат.jpg', 'ОАО ПКП \"Меридиан\"', 'Форель радужная (Oncorhynchus mykiss), соль', NULL, '200', '17.5', '13.9', '0.0', NULL, NULL, NULL, 12, 10, '2021-10-25 17:55:39', '2021-10-25 17:55:39', 13),
(209, 43, 'Форель слабосоленая Санта бремор', NULL, '20211025_Форель слабосоленая Санта бремор.jpg', 'АО \"Русское море\"', 'Форель радужная, соль, соль морская, антиокислитель экстракты розмарина', NULL, '180', '18.0', '12.0', '0.0', NULL, NULL, NULL, 12, 10, '2021-10-25 17:59:47', '2021-10-27 20:48:00', 13),
(210, 43, 'Форель слабосоленая Русское море', NULL, '20211025_Форель слабосоленая Русское море.jpg', 'АО \"Русское море\"', 'Форель радужная, соль морская, соль, антиокислитель экстракты розмарина', NULL, '180', '18.0', '12.0', '0.0', NULL, NULL, NULL, 12, 10, '2021-10-25 18:01:29', '2021-10-27 20:47:52', 13),
(211, 43, 'Форель слабосоленая Agama замороженная', NULL, '20211025_Форель слабосоленая Agama замороженная.jpg', 'ООО \"Агама Роял Гринланд\"', 'Филе-кусок форели (Oncorhynchus mykiss), соль', NULL, '199', '16.0', '15.0', '0.0', NULL, NULL, NULL, 12, 10, '2021-10-25 18:03:14', '2021-10-25 18:03:14', 13),
(212, 43, 'Семга слабосоленая Русское море', NULL, '20211025_Семга слабосоленая Русское море.jpg', 'АО \"Русское море\"', 'Семга, соль морская, соль, антиокислитель экстракты розмарина', NULL, '201', '17.8', '14.4', '0.0', NULL, NULL, NULL, 12, 10, '2021-10-25 18:05:12', '2021-10-27 20:47:44', 13),
(213, 44, 'Сыр песто красный Oldenburger', '50%', '20211026_Сыр песто красный Oldenburger.jpg', 'ООО \"Бобровский сырзавод\"', 'Нормализованная молочная смесь (цельное молоко, восстановленное обезжиренное молоко из сухого молока, сливки), соль пищевая (в составе - агент антислеживающий Е536), наполнители (томаты, базилик, чеснок), натуральный краситель кармин, уплотнитель хлорид кальция, консервант нитрат калия, натуральный краситель аннато, ароматизатор \"томат\", молокосвертывающий ферментный препарат микробного происхождения, мезофильная бактериальная заквасочная культура', 'Выводы о продукте сделаны на основании информации, указанной на упаковке товара от 22.10.2021 года', '370', '23.7', '30.5', '0.0', NULL, NULL, NULL, 10, 10, '2021-10-26 15:41:27', '2021-10-26 15:41:27', 13),
(214, 44, 'Сыр тильзитер Ламбер', '50%', '20211026_Сыр тильзитер Ламбер.jpg', 'ООО \"ПиР-ПАК\"', 'Молоко нормализованное пастеризованное, бактериальная закваска мезофильных и термофильных молочнокислых микроорганизмов, молоксвертывающий ферментный препарат животного происхождения, ферментный препарат животного происхождения - лизоцим (получен из белка куриный яиц), соль, краситель - аннато, консерванты (нитрат натрия, натамицин (для поверхностной обработки)', 'Выводы о продукте сделаны на основании информации, указанной на упаковке товара от 22.10.2021 года', '344', '23.0', '28.0', '0.0', NULL, NULL, '4690228101953', 10, 10, '2021-10-26 15:42:58', '2021-10-26 15:42:58', 13),
(215, 44, 'Сыр российский 365 дней ООО Ува-молоко', '50%', '20211026_Сыр российский 365 дней ООО Ува-молоко.jpg', 'ООО \"Ува-молоко\"', 'Молоко нормализованное пастеризованное, соль, уплотнитель хлорид кальция, консервант нитрат натрия, молокосвертывающий ферментный препарат микробного происхождения, пищевой краситель аннато, закваска мезофильных и термофильных молочнокислых микроорганизмов, консервант натамицин', 'Выводы о продукте сделаны на основании информации, указанной на упаковке товара от 22.10.2021 года', '350', '24.5', '28.5', '0.0', NULL, NULL, '4606068166953', 10, 10, '2021-10-26 15:45:39', '2021-10-26 18:21:12', 13),
(216, 44, 'Сыр сливочный Ламбер', '55%', '20211026_Сыр сливочный Ламбер .jpg', 'АО \"ВБД\"', 'Молоко нормализованное, соль поваренная пищевая, консерванты (нитрат калия, натамицин (для поверхностной обработки)), краситель - аннато, бактериальный концентрат мезофильных и термофильных бактерия, молокосвертывающий ферментный препарат микробного происхождения', 'Выводы о продукте сделаны на основании информации, указанной на упаковке товара от 22.10.2021 года', '392', '23.7', '33.0', '0.0', NULL, NULL, '2807040012059', 10, 10, '2021-10-26 15:47:32', '2021-10-26 15:47:32', 13),
(217, 44, 'Сыр сливочный со вкусом топленого молока Лента', '50%', '20211026_Сыр сливочный со вкусом топленого молока Лента.jpg', 'ООО \"Бобровский сырзавод\"', 'Цельное молоко, восстановленное обезжиренное молоко из сухого молока, сливки, соль пищевая (в составе - агент антислеживающий Е536), уплотнитель хлорид кальция, ароматизатор \"топленое молоко\", консервант нитрат калия, молокосвертывающий ферментный препарат микробного происхождения, мезофильная бактериальная заквасочня культура, краситель аннато', 'Выводы о продукте сделаны на основании информации, указанной на упаковке товара от 22.10.2021 года', '370', '23.7', '30.6', '0.0', NULL, NULL, NULL, 10, 10, '2021-10-26 15:49:03', '2021-10-26 15:49:03', 13),
(218, 44, 'Сыр легкий Лента', '30%', '20211026_Сыр легкий Лента.jpg', 'ООО \"Бобровский сырзавод\"', 'Цельное молоко, восстановленное обезжиренное молоко из сухого молока, соль пищевая, уплотнитель хлорид кальция, консервант нитрат калия, молокосвертывающий ферментный препарат микробного происхождения, мезофильная бактериальная заквасочная культура, краситель аннато', 'Выводы о продукте сделаны на основании информации, указанной на упаковке товара от 22.10.2021 года', '250', '29.0', '15.0', '0.0', NULL, NULL, '4606068183448', 10, 10, '2021-10-26 15:50:22', '2021-10-26 15:50:22', 13),
(219, 44, 'Сыр с лесными ягодами Ларец', '50%', '20211026_Сыр с лесными ягодами Ларец.jpg', 'ООО \"Бобровский сырзавод\"', 'Нормализованная молочная смесь (цельное молоко, восстановленное обезжиренное молоко из сухого молока, сливки), соль пищевая (в составе - агент антислеживающий Е536), лесные ягоды (земляника, клюква), уплотнитель хлорид кальция, ароматизатор \"земляника\", консервант нитрат калия, молокосвертывающий ферментный препарат микробного происхождения, мезофильная бактериальная заквасочная культура, натуральный краситель аннато', 'Выводы о продукте сделаны на основании информации, указанной на упаковке товара от 22.10.2021 года', '370', '23.7', '30.5', '0.0', NULL, NULL, NULL, 10, 10, '2021-10-26 15:52:03', '2021-10-26 15:52:03', 13),
(220, 44, 'Сыр с медом и орехами Ларец', '50%', '20211026_Сыр с медом и орехами Ларец.jpg', 'ООО \"Бобровский сырзавод\"', 'Нормализованная молочная смесь (цельное молоко, восстановленное обезжиренное молоко из сухого молока, сливки), соль пищевая (в составе - агент антислеживающий Е536), дробленые грецкие орехи, уплотнитель хлорид кальция, консервант нитрат калия, ароматизатор \"мед\", ароматизатор \"грецкий орех\", молокосвертывающий ферментный препарат микробного происхождения, мезофильная бактериальная заквасочная культура, натуральный краситель аннато, мед натуральный', 'Выводы о продукте сделаны на основании информации, указанной на упаковке товара от 22.10.2021 года', '370', '23.6', '30.8', '0.0', NULL, NULL, NULL, 10, 10, '2021-10-26 15:53:39', '2021-10-26 15:53:39', 13),
(221, 44, 'Сыр российский 365 дней ООО НМ Ингредиенты', '50%', '20211026_Сыр российский 365 дней ООО НМ Ингредиенты.jpg', 'ООО \"НМ Ингредиенты\"', 'Молоко нормализованное пастеризованное, соль, бактериальная закваска мезофильных и термофильных молочнокислых бактерий, молокосвертывающий ферментный препарат микробного происхождения, уплотнитель - хлорид кальция, консервант - нитрат калия, краситель Е160b, регулятор кислотности гидроксид калия', 'Выводы о продукте сделаны на основании информации, указанной на упаковке товара от 22.10.2021 года', '340', '25.7', '25.3', '0.0', NULL, NULL, '4606068167370', 10, 10, '2021-10-26 15:55:19', '2021-10-26 15:55:19', 13),
(222, 44, 'Сыр гауда 365 дней', '45%', '20211026_Сыр гауда 365 дней.jpg', 'ОАО \"Верхнедвинский маслосырзавод\"', 'Молоко нормализованное пастеризованное, соль (содержит агент антислеживающий Е536), уплотнитель - хлорид кальция, катериальная закваска мезофильных и термофильных молочнокислых микроорганизмов, консервант нитрат натрия, натуральный молокосвертывающий ферментный препарат животного происхождения (содержит химозин, пепсин), ферментный препарат животного происхождения - лазиоцим, регулятор кислотности Е524, краситель Е160b', 'Выводы о продукте сделаны на основании информации, указанной на упаковке товара от 22.10.2021 года', '320', '23.0', '25.0', '0.0', NULL, NULL, '4606068008079', 10, 10, '2021-10-26 15:56:32', '2021-10-26 15:56:32', 13),
(223, 44, 'Сыр эдам 365 дней', '45%', '20211026_Сыр эдам 365 дней.jpg', 'ОАО \"Верхнедвинский маслосырзавод\"', 'Молоко нормализованное пастеризованное, соль (содержит агент антислеживающий Е536), уплотнитель - хлорид кальция, бактериальная закваска мезофильных и термофильных молочнокислых микроорганизмов, консервант нитрат натрия, натуральный молокосвертывающий ферментный препарат животного происхождения (содежит химозин, пепсин), ферментный препарат животного происхождения - лизоцим, регулятор кислотности Е524, краситель Е160b', 'Выводы о продукте сделаны на основании информации, указанной на упаковке товара от 22.10.2021 года', '330', '25.0', '25.0', '0.0', NULL, NULL, NULL, 10, 10, '2021-10-26 15:57:43', '2021-10-26 15:57:43', 13),
(224, 44, 'Сыр песто зеленый Oldenburger', '50%', '20211026_Сыр песто зеленый Oldenburger.jpg', 'ООО \"Бобровский сырзавод\"', 'Нормализованная молочная смесь (цельное молоко, восстановленное обезжиренное молоко из сухого молока, сливки), соль пищевая (в составе - агент антислеживающий Е536), наполнители (базилик, чеснок), уплотнитель хлорид кальция, консервант нитрат калия, натуральный краситель хлорофиллин, молокосвертывающий ферментный препарат микробного происхождения, мезофильная бактериальная заквасочная культура', 'Выводы о продукте сделаны на основании информации, указанной на упаковке товара от 22.10.2021 года', '370', '23.7', '30.6', '0.0', NULL, NULL, '4630086157228', 10, 10, '2021-10-26 15:59:09', '2021-10-26 15:59:09', 13),
(225, 44, 'Сыр сливочный natura легкий Arla', '45%', '20211026_Сыр сливочный natura легкий Arla.jpg', 'ПАО Молочный комбинат \"Воронежский\"', 'Молоко обезжиренное пастеризованное, сливки пастеризованные, соль пищевая, закваска мезофильных молочнокислых микроорганизмов, молокосвертывающий ферментный препарат микробного происхождения', NULL, '340', '25.0', '26.0', '0.0', NULL, NULL, '4601751011299', 12, 10, '2021-10-26 16:00:26', '2021-10-26 16:00:26', 13),
(226, 44, 'Сыр сливочный natura havarti Arla', '45%', '20211026_Сыр сливочный natura havarti Arla.jpg', 'ПАО Молочный комбинат \"Воронежский\"', 'Молоко обезжиренное пастеризованное, сливки пастеризованные, соль пищевая, закваска мезофильных молочнокислых микроорганизмов, молокосвертывающий ферментный препарат микробного происхождения', NULL, '340', '25.0', '26.0', '0.0', NULL, NULL, '4601751011299', 12, 10, '2021-10-26 16:01:32', '2021-10-26 16:01:32', 13),
(227, 44, 'Сыр с пажитником Oldenburger', '50%', '20211026_Сыр с пажитником Oldenburger.jpg', 'ООО \"Бобровский сырзавод\"', 'Нормализованная молочная смесь (цельное молоко, восстановленное обезжиренное молоко из сухого молока, сливки), соль пищевая (в составе - агент антислеживающий Е536), пажитник, уплотнитель хлорид кальция, консервант нитрат калия, ароматизатор \"грецкий орех\", молокосвертывающий ферментный препарат микробного происхождения, мезофильная бактериальная заквасочная культура, натуральный краситель аннато', 'Выводы о продукте сделаны на основании информации, указанной на упаковке товара от 22.10.2021 года', '370', '23.8', '30.3', '0.0', NULL, NULL, '4630086157266', 10, 10, '2021-10-26 16:02:43', '2021-10-26 16:02:43', 13),
(228, 44, 'Сыр полутвердый тильзит Valio', '45%', '20211026_Сыр полутвердый тильзит Valio.jpg', 'ООО \"Валио\"', 'Пастеризованное молоко, закваска мезофильных и термофильных молочнокислых микроорганизмов, соль (содержит агент антислеживающий Е536), молокосвертывающий ферметный препарат животного происхождения (сычужный фермент, содержит консервант Е211), комплексная пищевая добавка (краситель Е160b, регулятор кислотности Е524), уплотнитель (хлорид кальция), ферментный препарат животного происхождения (лизоцим - продукт переработки яиц)', 'Выводы о продукте сделаны на основании информации, указанной на упаковке товара от 22.10.2021 года', '330', '25.0', '26.0', '0.0', NULL, NULL, '4640001731419', 10, 10, '2021-10-26 16:03:57', '2021-10-26 16:03:57', 13),
(229, 44, 'Сыр полутвердый гауда Valio', '45%', '20211026_Сыр полутвердый гауда Valio.jpg', 'ООО \"Валио\"', 'Пастеризованное молоко, соль, закваска мезофильных молочнокислых микроорганизмов, молокосвертывающий ферментный препарат животного происхождения, уплотнитель (хлорид кальция), консервант (нитрат калия), краситель (аннато)', 'Выводы о продукте сделаны на основании информации, указанной на упаковке товара от 22.10.2021 года', '338', '26.0', '26.0', '0.0', NULL, NULL, '4640001731464', 10, 10, '2021-10-26 16:05:15', '2021-10-26 16:05:15', 13),
(230, 44, 'Сыр полутвердый маасдам Valio', '45%', '20211026_Сыр полутвердый маасдам Valio.jpg', 'ООО \"Валио\"', 'Молоко цельное, молоко обезжиренное, соль, молокосвертывающий ферментный препарат животного происхождения, закваска пропионовокислых мезофильных и термофильных молочнокислых микроорганизмов, ферментный препарат животного происхождения (лизоцим - продукт переработки яиц), краситель (аннато), консервант (Е235)', 'Выводы о продукте сделаны на основании информации, указанной на упаковке товара от 22.10.2021 года', '344', '26.0', '26.7', '0.0', NULL, NULL, '4640001731365', 10, 10, '2021-10-26 16:06:33', '2021-10-27 17:00:24', 13),
(231, 44, 'Сыр полутвердный для перекуса Valio', '45%', '20211026_Сыр полутвердный для перекуса Valio.jpg', 'ООО \"Валио\"', 'Нормализованное пастеризованное молоко, закваска мезофильных и термофильных молочнокислых микроорганизмов, соль (содержит агент антислеживающий Е536), молокосвертывающий ферментный препарат животного происхождения (содержит консервант Е211), регулятор кислотности Е524, краситель Е160b, уплотнитель (хлорид кальция), ферментные препараты животного происхождения (липаза и лизоцим (продукт переработки яиц))', 'Выводы о продукте сделаны на основании информации, указанной на упаковке товара от 22.10.2021 года', '330', '25.0', '25.0', '0.0', NULL, NULL, '4640001731778', 10, 10, '2021-10-26 16:08:04', '2021-10-26 16:08:04', 13),
(232, 44, 'Сыр полутвердый чеддер Valio', '48%', '20211026_Сыр полутвердый чеддер Valio.jpg', 'ООО \"Валио\"', 'Нормализованное пастеризованное молоко, закваска мезофильных молочнокислых микроорганизмов, соль, молокосвертывающие ферментные препараты микробного происхождения, уплотнитель (хлорид кальция)', NULL, '413', '26.0', '34.0', '0.8', NULL, NULL, '4640001731440', 12, 10, '2021-10-26 16:09:25', '2021-10-26 16:09:25', 13),
(233, 44, 'Сыр полутвердый российский Заботливая хозяйка', '50%', '20211026_Сыр полутвердый российский Заботливая хозяйка.jpg', 'ООО \"Юнифуд\"', 'Молоко нормализованное пастеризованное, соль, закваска мезофильных и термофильных молочнокислых микроорганизмов, ферментный препарат животного происхождения, уплотнитель - хлорид кальция, консервант - нитрат натрия, краситель пищевой - аннато.', 'Выводы о продукте сделаны на основании информации, указанной на упаковке товара от 22.10.2021 года', '362', '23.0', '29.0', '0.0', NULL, NULL, '4640050991154', 10, 10, '2021-10-26 16:51:16', '2021-10-27 17:01:25', 13),
(234, 44, 'Сыр полутвердый бутербродный Valio', '45%', '20211026_Сыр полутвердый бутербродный Valio.jpg', 'ООО \"Валио\"', 'Нормализованное пастеризованное молоко, закваска мезофильных и термофильных молочнокислых микроорганизмов, соль (содержит агент антислеживающий Е536), молокосвертывающий ферментный препарат животного происхождения (сычужный фермент, содержит консервант Е211), комплексная пищевая добавка (краситель Е160b, регулятор кислотности Е524), уплотнитель (хлорид кальция), ферментный препарат животного происхождения (лизоцим - продукт переработки яиц)', 'Выводы о продукте сделаны на основании информации, указанной на упаковке товара от 22.10.2021 года', '330', '25.0', '26.0', '0.0', NULL, NULL, '4640001731761', 10, 10, '2021-10-26 16:54:15', '2021-10-26 16:54:15', 13),
(235, 44, 'Сыр чеддер La Paulina tradicional', '48%', '20211026_Сыр чеддер La Paulina tradicional.jpg', 'ООО \"Еланский сыродельный комбинат\"', 'Пастеризованное молоко, бактериальные культуры, уплотнитель хлорид кальция, соль, ферментный препарат микробного происхождения', NULL, '403', '24.0', '33.0', '2.8', NULL, NULL, '4607088287208', 12, 10, '2021-10-26 17:07:30', '2021-10-26 17:07:30', 13),
(236, 44, 'Сыр башкирский медовый Белебеевский', '50%', '20211026_Сыр башкирский медовый Белебеевский .jpg', 'АО \"Белебеевский ордена \"Знак почета\" молочный комбинат\"', 'Молоко нормализованное пастеризованное, соль пищевая, закваска на основе мезофильных и термофильных молочнокислых микроорганизмов, мед натуральный, консервант нитрат натрия, молокосвертывающий ферментный препарат микробного происхождения, краситель аннато, ароматизатор', 'Выводы о продукте сделаны на основании информации, указанной на упаковке товара от 22.10.2021 года', '353', '23.0', '29.0', '0.0', NULL, NULL, '4607070735199', 10, 10, '2021-10-26 17:08:40', '2021-10-26 17:08:40', 13),
(237, 44, 'Сыр полутвердый благородный дуэт Белебеевский', '50%', '20211026_Сыр полутвердый благородный дуэт Белебеевский.jpg', 'АО \"Белебеевский ордена \"Знак почета\" молочный комбинат\"', 'Молоко нормализованное пастеризованное, соль пищевая, закваска на основе мезофильных, термофильных и пропионовокислых молочнокислых микроорганизмов, консервант - нитрат натрия, молокосвертывающий ферментный препарат микробного происхождения, краситель - аннато', 'Выводы о продукте сделаны на основании информации, указанной на упаковке товара от 22.10.2021 года', '366', '24.0', '30.0', '0.0', NULL, NULL, '4607070735977', 10, 10, '2021-10-26 17:10:14', '2021-10-26 17:10:14', 13),
(238, 44, 'Сыр твердый Belster', '40%', '20211026_zaglushka.jpg', 'АО \"Белебеевский ордена \"Знак почета\" молочный комбинат\"', 'Молоко нормализованное пастеризованное, соль пищевая, закваска на основе мезофильных и термофильных молочнокислых микроорганизмов, консервант нитрат натрия, молокосвертывающий ферментный препарат животного происхождения', 'Выводы о продукте сделаны на основании информации, указанной на упаковке товара от 22.10.2021 года', '366', '33.0', '26.0', '0.0', NULL, NULL, '4607070735557', 10, 10, '2021-10-26 17:12:21', '2021-10-26 17:12:21', 13),
(239, 44, 'Сыр российский Schonfeld', '50%', '20211026_Сыр российский Schonfeld .jpg', 'ОАО \"Савушкин продукт\"', 'Молоко пастеризованное, соль, закваска мезофильных молочнокислых микроорганизмов, молокосвертывающий ферментный препарат животного происхождения, краситель - каротины', NULL, '346.5', '22.5', '28.5', '0.0', NULL, NULL, '4650060851553', 12, 10, '2021-10-26 17:13:42', '2021-10-26 17:13:42', 13),
(240, 44, 'Сыр пармезан Ricrem', '42%', '20211026_Сыр пармезан Ricrem .jpg', 'ООО \"Еланский сыродельный комбинат\"', 'Молоко пастеризованное, смешанные закваски мезофильных и термофильных молочнокислых микроорганизмов, соль пищевая, уплотнитель хлорид кальция, молокосвертывающий ферметный препарат микробного происхождения', NULL, '389', '31.0', '29.0', '1.1', NULL, NULL, '4607088287833', 12, 10, '2021-10-26 17:14:48', '2021-10-26 17:14:48', 13),
(241, 44, 'Сыр полутвердый качотта Светочъ', '55%', '20211026_zaglushka.jpg', 'ИП Хандолина Светлана Сергеевна', 'Молоко коровье цельное, бак. закваска, фермент микробиальный, соль, пищевой краситель растительного происхождения - \"аннато\", хлорид кальция', NULL, '340', '23.0', '28.0', '1.4', NULL, NULL, '4603749283008', 12, 10, '2021-10-26 17:15:39', '2021-10-26 17:15:39', 13),
(242, 44, 'Сыр твердый premium Van classen', '56%', '20211026_Сыр твердый premium Van classen.jpg', 'ООО \"Сырная история\"', 'Молоко цельное пастеризованное, закваска, молокосвертывающий фермент животного происхождения, соль пищевая поваренная, хлористый кальций', NULL, '389', '25.6', '31.3', '0.0', NULL, NULL, '4603789594041', 12, 10, '2021-10-26 17:18:14', '2021-10-26 19:30:00', 13),
(243, 44, 'Сыр твердый medium Van classen', '50%', '20211026_Сыр твердый medium Van classen.jpg', 'ООО \"Сырная история\"', 'Молоко цельное пастеризованное, закваска, молокосвертывающий фермент животного происхождения, соль поваренная пищевая, хлористый кальций', NULL, '360', '24.0', '29.0', '0.0', NULL, NULL, '4603789594034', 12, 10, '2021-10-26 17:19:22', '2021-10-26 17:19:22', 13),
(244, 44, 'Сыр качотта с паприкой Светочъ', '55%', '20211026_zaglushka.jpg', 'ИП Хандолина Светлана Сергеевна', 'Молоко коровье цельное, бак. закваска, фермент микробиальный, соль, пищевой краситель растительного происхождения аннато, паприка вяленая, хлорид кальция', NULL, '340', '28.0', '23.0', '1.4', NULL, NULL, NULL, 12, 10, '2021-10-26 17:20:09', '2021-10-26 17:20:09', 13),
(245, 44, 'Сыр сырное ассорти Светочъ', '55%', '20211026_zaglushka.jpg', 'ИП Хандолина Светлана Сергеевна', 'Молоко коровье цельное, бак. закваска, фермент микробиальный, соль, пищевой краситель растительного происхождения аннато, семена шамбалы, паприка вяленая, хлорид кальция', NULL, '340', '28.0', '23.0', '1.0', NULL, NULL, NULL, 12, 10, '2021-10-26 17:21:02', '2021-10-26 17:21:02', 13),
(246, 44, 'Сыр белый хан Светочъ', '55%', '20211026_zaglushka.jpg', 'ИП Хандолина Светлана Сергеевна', 'Молоко коровье цельное, молоко козье цельное, бак. закваска, фермент микробиальный, соль, , хлорид кальция', NULL, '325', '26.5', '21.0', '1.0', NULL, NULL, NULL, 12, 10, '2021-10-26 17:21:48', '2021-10-26 17:21:48', 13),
(247, 44, 'Сыр гауда Светочъ', '55%', '20211026_zaglushka.jpg', 'ИП Хандолина Светлана Сергеевна', 'Молоко коровье цельное, бак. закваска, фермент микробиальный, соль, пищевой краситель растительного происхождения аннато, хлорид кальция', NULL, '325', '26.5', '21.0', '1.0', NULL, NULL, NULL, 12, 10, '2021-10-26 17:22:40', '2021-10-26 17:22:40', 13),
(248, 44, 'Сыр голландия Светочъ', '55%', '20211026_zaglushka.jpg', 'ИП Хандолина Светлана Сергеевна', 'Молоко коровье цельное, бак. закваска, фермент микробиальный, соль, пищевой краситель растительного происхождения аннато, хлорид кальция', NULL, '340', '28.0', '23.0', '1.4', NULL, NULL, NULL, 12, 10, '2021-10-26 17:23:24', '2021-10-26 17:23:24', 13),
(249, 44, 'Сыр качотта с шамбалой Светочъ', '55%', '20211026_Сыр качотта с шамбалой Светочъ.jpg', 'ИП Хандолина Светлана Сергеевна', 'Молоко коровье цельное, бак. закваска, фермент микробиальный, соль, пищевой краситель растительного происхождения аннато, семена шамбалы, хлорид кальция', NULL, '340', '28.0', '23.0', '1.4', NULL, NULL, NULL, 12, 10, '2021-10-26 17:24:23', '2021-10-26 17:58:13', 13),
(250, 44, 'Сыр томский Светочъ', '50%', '20211026_zaglushka.jpg', 'ИП Хандолина Светлана Сергеевна', 'Молококоровье цельное, бак. закваска, фепмент микробиальный, соль, пищевой краситель растительного происхождения аннато, хлорид кальция', NULL, '325', '26.5', '21.0', '0.0', NULL, NULL, '4603749283343', 12, 10, '2021-10-26 17:25:23', '2021-10-26 17:25:23', 13),
(251, 44, 'Папа сыр маасдам', '45%', '20211026_zaglushka.jpg', '\"ПРОЕКТ 21\"', 'Молоко нормализованное пастеризованное, соль пищевая (содержит агент антислеживающий ферроцианид калия), бактериальная закваска из мезофильных, термофильных молочнокислых и пропионовокислых микроорганизмов, натуральный молокосвертывающий ферментный препарат животного происхождения \"AGROREN Calf Rennet 225L\" (содержит химозин, пепсин), комплексная пищевая добавка - \"Краситель Истелатон 6203 01 Аннато WS01\" (содержит регулятор кислотности - гидроксид калия, краситель Аннато)', 'Выводы о продукте сделаны на основании информации, указанной на упаковке товара от 22.10.2021 года', '330', '25.0', '25.0', '0.0', NULL, NULL, '4670018060646', 10, 10, '2021-10-26 17:26:13', '2021-10-26 17:26:13', 13),
(252, 44, 'Папа сыр эдам', '45%', '20211026_Папа сыр эдам.jpg', '\"ПРОЕКТ 21\"', 'Молоко цельное пастеризованное, молоко обезжиренное, соль пищевая, бактериальный концентрат мезофильных молочнокислых микроорганизмов, молокосвертывающий ферментный препарат животного происхождения CARLINA 1000 (экстракт сычужного фермента, соль пищевая, консерванты: бензоат натрия Е211, пара-гидроксибензойной кислоты этилового эфира натриевая соль, пара-гидроксибензойной кислоты метилового эфира натриевая соль), консервант нитрат натрия, комплексная пищевая добавка, краситель (вода, краситель норбиксин, регулятор кислотности гидроксид натрия)', 'Выводы о продукте сделаны на основании информации, указанной на упаковке товара от 22.10.2021 года', '331', '25.2', '26.0', '0.0', NULL, NULL, '4670018061025', 10, 10, '2021-10-26 17:27:28', '2021-10-26 17:27:28', 13),
(253, 44, 'Папа сыр российский', '50%', '20211026_Папа сыр российский.jpg', '\"ПРОЕКТ 21\"', 'Молоко пастеризованное, закваска мезофильных молочнокислых микроорганизмов, молокосвертывающий ферментный препарат животного происхождения, соль пищевая, комплексная пищевая добавка - краситель \"Luxomix\" Аннато 0020 (вода, влагоудерживающий агент пропиленгликоль, краситель аннато, регулятор кислотности гидроксид калия)  консервант нитрат натрия', 'Выводы о продукте сделаны на основании информации, указанной на упаковке товара от 22.10.2021 года', '354', '24.5', '28.5', '0.0', NULL, NULL, '4670018060998', 10, 10, '2021-10-26 17:28:28', '2021-10-26 17:28:28', 13),
(254, 44, 'Папа сыр гауда', '45%', '20211026_Папа сыр гауда.jpg', '\"ПРОЕКТ 21\"', 'Молоко пастеризованное, молокосвертывающий ферментный препарат животного происхождения, соль пищевая, консервант нитрат натрия е250, комплексная пищевая добавка - краситель \"Luxomix\" Аннато 0020 (вода, влагоудерживающий агент пропиленгликоль, краситель аннато, регулятор кислотности гидроксид калия)  бактериальная закваска мезофильных молочнокислых микроорганизмов', 'Выводы о продукте сделаны на основании информации, указанной на упаковке товара от 22.10.2021 года', '331', '25.2', '26.0', '0.0', NULL, NULL, '4670018060967', 10, 10, '2021-10-26 17:30:21', '2021-10-26 17:30:21', 13),
(255, 44, 'Папа сыр пармезан', '45%', '20211026_Папа сыр пармезан.jpg', '\"ПРОЕКТ 21\"', 'Молоко нормализованное пастеризованное, соль (содержит агент антислеживающий Е536),  бактериальная закваска мезофильных и термофильных молочнокислых микроорганизмов, консервант нитрат натрия е250, ферментный препарат животного происхождения - липаза, молокосвертывающий ферментный препарат животного происхождения - пепсин, ферментный препарат животного происхождения - лизоцим, комплексная пищевая добавка - краситель (регулятор кислотности гидроксид натрия, краситель норбиксин Е160b)', 'Выводы о продукте сделаны на основании информации, указанной на упаковке товара от 22.10.2021 года', '340', '25.0', '29.0', '0.0', NULL, NULL, '4670018060660', 10, 10, '2021-10-26 17:31:38', '2021-10-26 17:31:38', 13),
(256, 44, 'Сыр parmesan Schonfeld', '43%. Срок созревания 2 месяца', '20211026_Сыр parmesan Schonfeld .jpg', 'REMOTTI S.A. \"АЛЛГОЙ\"', 'Молоко нормализованное пастеризованное, соль, закваска термофильных микроорганизмов, молокосвертывающий ферментный препарат животного происхождения, уплотнитель хлорид кальция', NULL, '366', '26.0', '33.0', '0.0', NULL, NULL, '4650060855506', 12, 10, '2021-10-26 17:34:18', '2021-10-26 17:34:18', 13),
(257, 44, 'Сыр premium light Schonfeld', '30%', '20211026_Сыр premium light Schonfeld .jpg', 'ООО \"Роси\"', 'Молоко цельное пастеризованное, молоко обизжиренное пастеризованное, сливки пастеризованные, соль пищевая, закваска мезофильных молочнокислых микроорганизмов, молокосвертывающий ферментный препарат микробного происхождения, уплотнитель хлорид кальция, консервант нитрат калия Е252', 'Выводы о продукте сделаны на основании информации, указанной на упаковке товара от 22.10.2021 года', '260', '15.0', '30.0', '0.0', NULL, NULL, '4650060855087', 10, 10, '2021-10-26 17:35:42', '2021-10-26 17:35:42', 13),
(258, 44, 'Сыр varddevaal с козьим молоком Foodland', '45%. Классический голландский масдаам с козьим молоком', '20211026_Сыр varddevaal с козьим молоком Foodland.jpg', 'ООО \"Еланский сыродельный комбинат\"', 'Молоко цельное, молоко козье, молоко обизжиренное, соль пищевая, молокосвертывающий ферментный препарат природого происхождения, смешанные закваски пропионовокислых, мезофильных и термофильных молочнокислых микроорганизмов, ферментный препарат лизоцим. Сырная корка обработана консервантом натамицин Е235', 'Выводы о продукте сделаны на основании информации, указанной на упаковке товара от 22.10.2021 года', '342', '26.8', '25.3', '0.0', NULL, NULL, '4607088287345', 11, 10, '2021-10-26 17:36:50', '2021-10-27 16:54:23', 13),
(259, 44, 'Сыр маасдам Ламбер', '45%', '20211026_Сыр маасдам Ламбер .jpg', 'ООО \"Пир-ПАК\"', 'Молоко нормализованное пастеризованное, соль (содержит агент антислеживающий Е536), ферментный препарат животного происхождения - лизоцим (получен из белка куриных яиц), молокосвертывающий ферментный препарат животного происхождения, бактериальная закваска мезофильных молочнокислых и пропионовокислых микроорганизмов, краситель - аннато, консервант - нитрат натрия', 'Выводы о продукте сделаны на основании информации, указанной на упаковке товара от 22.10.2021 года', '308', '24.0', '23.0', '0.0', NULL, NULL, '4690228101977', 10, 10, '2021-10-26 17:38:23', '2021-10-27 16:44:52', 13),
(260, 44, 'Сыр голландский премиум Ламбер', '45%', '20211026_Сыр голландский премиум Ламбер .jpg', 'ООО \"Пир-ПАК\"', 'Молоко нормализованное пастеризованное, соль (содержит агент антислеживающий Е536), ферментный препарат животного происхождения - лизоцим (получен из белка куриных яиц), молокосвертывающий ферментный препарат животного происхождения, бактериальная закваска мезофильных и термофильных молочнокислых микроорганизмов, краситель - анато, консервант - натамицин е235 (для поверхностной обработки). Упаковочный газ: диоксид углерода', 'Выводы о продукте сделаны на основании информации, указанной на упаковке товара от 22.10.2021 года', '326', '25.0', '25.2', '0.0', NULL, NULL, '4690228102011', 10, 10, '2021-10-26 17:39:46', '2021-10-26 17:39:46', 13),
(261, 44, 'Сыр российский Из-за гор алтая', '50%', '20211026_zaglushka.jpg', NULL, 'Молоко пастеризованное, соль, закваска (мезофильные молочнокислые микроорганизмы), молокосвертывающий ферментный препарат животного происхождения, отвердитель хлорид кальция, консервант нитрат натрия', NULL, '354', '28.5', '24.5', '0.0', NULL, NULL, '4627128501545', 10, 10, '2021-10-26 17:40:36', '2021-10-26 17:40:36', 13),
(262, 44, 'Сыр Белебеевский', NULL, '20211026_Сыр Белебеевский.jpg', 'АО \"Белебеевский ордена \"Знак почета\" молочный комбинат\"', 'Молоко нормализованное пастеризованное, соль поваренная пищевая, закваска на основе мезофильных молочнокислых микроорганизмов, молокосвертывающий ферментный препарат животного происхождения, консервант нитрат натрия, краситель аннато.', 'Выводы о продукте сделаны на основании информации, указанной на упаковке товара от 22.10.2021 года', '347', '26.5', '27.0', '0.0', NULL, NULL, '4607070735786', 10, 10, '2021-10-26 17:41:42', '2021-10-26 17:41:51', 13),
(263, 44, 'Сыр полутвердый Брест-Литовский сливочный', '50%', '20211026_Сыр полутвердый Брест-Литовский сливочный.jpg', 'ОАО \"Савушкин продукт\"', 'Молоко коровье нормализованное пастеризованное, закваска на основе молочнокислых мезофильных и термофильных бактерий, соль, консервант нитрат натрия, краситель аннато, уплотнитель хлорид кальция, ферментный препарат животного происхождения: пепсин, химозин', 'Выводы о продукте сделаны на основании информации, указанной на упаковке товара от 22.10.2021 года', '355.5', '22.5', '29.5', '0.0', NULL, NULL, '4810268030345', 10, 10, '2021-10-26 18:54:06', '2021-10-27 16:58:07', 13),
(264, 44, 'Сыр полутвердый Брест-Литовский легкий', '35%', '20211026_Сыр полутвердый Брест-Литовский легкий.jpg', 'ОАО \"Савушкин продукт\"', 'Молоко коровье нормализованное пастеризованное, закваска на основе молочнокислых мезофильных и термофильных бактерий, соль, консервант нитрат натрия, краситель аннато, уплотнитель хлорид кальция, ферментный препарат животного происхождения: пепсин, химозин', 'Выводы о продукте сделаны на основании информации, указанной на упаковке товара от 22.10.2021 года', '288.6', '31.2', '18.2', '0.0', NULL, NULL, '4810268021978', 10, 10, '2021-10-26 19:05:07', '2021-10-27 16:58:25', 13),
(265, 44, 'Сыр полутвердый Брест-Литовский классический', '45%', '20211026_Сыр полутвердый Брест-Литовский классический.jpg', 'ОАО \"Савушкин продукт\"', 'Молоко коровье нормализованное пастеризованное, закваска на основе молочнокислых мезофильных и термофильных бактерий, соль, консервант нитрат натрия, краситель аннато, уплотнитель хлорид кальция, ферментный препарат животного происхождения: пепсин, химозин', 'Выводы о продукте сделаны на основании информации, указанной на упаковке товара от 22.10.2021 года', '340.1', '26.3', '26.1', '0.0', NULL, NULL, '4810268021985', 10, 10, '2021-10-26 19:10:43', '2021-10-27 16:58:43', 13),
(266, 44, 'Сыр полутвердый сливочный Маслосыродел Романовский', '50%', '20211026_Сыр полутвердый сливочный Маслосыродел Романовский.jpg', 'ООО \"Кипринский молочный завод\"', 'Молоко пастеризованное, бактериальная закваска мезофильных и термофильных молочнокислых микроорганизмов, молокосвертывающий ферментный препарат животного происхождения, соль, консервант - нитрат натрия, краситель - аннато', 'Выводы о продукте сделаны на основании информации, указанной на упаковке товара от 22.10.2021 года', '352', '24.6', '28.2', '0.0', NULL, NULL, '4607035087288', 10, 10, '2021-10-26 19:22:32', '2021-10-27 17:05:58', 13),
(267, 44, 'Сыр полутвердый фермерский Маслосыродел Романовский', '50%', '20211026_Сыр полутвердый фермерский Маслосыродел Романовский.jpg', 'ООО \"Кипринский молочный завод\"', 'Молоко пастеризованное, бактериальная закваска мезофильных и термофильных молочнокислых микроорганизмов, молокосвертывающий ферментный препарат животного происхождения, соль, консервант - нитрат калия, краситель - аннато', 'Выводы о продукте сделаны на основании информации, указанной на упаковке товара от 22.10.2021 года', '358', '25.2', '28.6', '0.0', NULL, NULL, '4607035087301', 10, 10, '2021-10-26 19:28:21', '2021-10-27 17:06:12', 13),
(268, 44, 'Сыр медовый Лента', '50%', '20211026_Сыр медовый Лента.jpg', 'ООО \"Бобровский сырзавод\"', 'Цельное молоко, восстановленное молоко из сухого обезжиренного молока, сливки, соль пищевая (в составе - агент антислеживающий Е536), уплотнитель хлорид кальция, консервант нитрат калия, ароматизатор \"мед\", молокосвертывающий ферментный препарат микробного происхождения, мезофильная бактериальная заквасочная культура, краситель аннато, мед натуральный', 'Выводы о продукте сделаны на основании информации, указанной на упаковке товара от 22.10.2021 года', '370', '23.7', '30.5', '0.0', NULL, NULL, '4606068405854', 10, 10, '2021-10-26 19:34:48', '2021-10-27 17:03:01', 13),
(269, 44, 'Сыр с лисичками Лента', '50%', '20211026_Сыр с лисичками Лента.jpg', 'ООО \"Бобровский сырзавод\"', 'Цельное молоко, восстановленное молоко из сухого обезжиренного молока, сливки, соль пищевая (в составе - агент антислеживающий Е536), грибы лисички, уплотнитель хлорид кальция, консервант нитрат калия, ароматизатор \"Лисички\", молокосвертывающий ферментный препарат микробного происхождения, мезофильная бактериальная завасочная культура, краситель аннато', 'Выводы о продукте сделаны на основании информации, указанной на упаковке товара от 22.10.2021 года', '370', '23.7', '30.5', '0.0', NULL, NULL, '4606068405861', 10, 10, '2021-10-26 19:40:26', '2021-10-27 17:03:17', 13),
(270, 44, 'Сыр с пажитником Лента', '50%', '20211026_Сыр с пажитником Лента.jpg', 'ООО \"Бобровский сырзавод\"', 'Цельное молоко, восстановленное молоко из сухого обезжиренного молока, сливки, соль пищевая (в составе - агент антислеживающий Е536), семена пажитника, уплотнитель хлорид кальция, консервант нитрат калия, ароматизатор \"Грецкий орех\", молокосвертывающий ферментный препарат микробного происхождения, мезофильная бактериальная заквасочная культура, краситель аннато', 'Выводы о продукте сделаны на основании информации, указанной на упаковке товара от 22.10.2021 года', '370', '23.8', '30.3', '0.0', NULL, NULL, '4606068401139', 10, 10, '2021-10-26 19:45:43', '2021-10-27 17:03:37', 13),
(271, 44, 'Сыр с трюфелями Лента', '50%', '20211026_Сыр с трюфелями Лента.jpg', 'ООО \"Бобровский сырзавод\"', 'Цельное молоко, восстановленное молоко из сухого обезжиренного молока, сливки, соль пищевая (в составе - агент антислеживающий Е536), наполнители (оливки, черный трюфель), уплотнитель хлорид кальция, консервант нитрат калия, ароматизатор \"Трюфель\", молокосвертывающий ферментный препарат микробного происхождения, мезофильная бактериальная заквасочная культура, краситель аннато', 'Выводы о продукте сделаны на основании информации, указанной на упаковке товара от 22.10.2021 года', '370', '23.7', '30.5', '0.0', NULL, NULL, '4606068401153', 10, 10, '2021-10-26 19:51:51', '2021-10-27 17:03:53', 13),
(272, 44, 'Сыр легкий Тысяча озер', '30%', '20211026_Сыр легкий Тысяча озер.jpg', 'ОАО \"Верхнедвинский маслосырзавод\"', 'Молоко нормализованное пастеризованное, соль (содержит агент антислеживающий Е536), уплотнитель - хлорид кальция, бактериальная закваска мезофильных и термофильных молочнокислых микроорганизмов, консервант нитрат натрия, натуральный молокосвертывающий ферментный препарат животного происхождения (химозин, пепсин), ферментный препарат животного происхождения - лизоцим, добавка комплексная пищевая (регулятор кислотности Е524, краситель Е160b)', 'Выводы о продукте сделаны на основании информации, указанной на упаковке товара от 22.10.2021 года', '230', '26.0', '14.0', '0.0', NULL, NULL, '4607023236216', 10, 10, '2021-10-26 19:59:02', '2021-10-27 17:05:12', 13),
(273, 44, 'Сыр сливочный Тысяча озер', '50%', '20211026_Сыр сливочный Тысяча озер.jpg', 'ООО \"Сыры Кубани\"', 'Молоко пастеризованное, соль, мезофильные молочнокислые микроорганизмы, молокосвертывающий ферментный препарат животного происхождения, краситель - каротины', NULL, '346.5', '22.5', '28.5', '0.0', NULL, NULL, '4607023236223', 12, 10, '2021-10-26 20:03:54', '2021-10-27 17:06:31', 13),
(274, 44, 'Сыр сливочный Лента', '50%', '20211026_Сыр сливочный Лента.jpg', 'ООО \"Бобровский сырзавод\"', 'Цельное молоко, обезжиренное молоко из сухого молока восстановленное, сливки, соль пищевая (в составе агент антислеживающий Е536), уплотнитель - злорид кальция, консервант нитрат калия, молокосвертывающий ферментный препарат микробного происхождения, мезофильная бектериальная заквасочная культура, краситель - аннато', 'Выводы о продукте сделаны на основании информации, указанной на упаковке товара от 22.10.2021 года', '370', '23.7', '30.5', '0.0', NULL, NULL, '4606068277680', 10, 10, '2021-10-26 20:11:28', '2021-10-27 17:04:18', 13),
(275, 44, 'Сыр легкий Король сыров', '25%', '20211027_Сыр легкий Король сыров.jpg', 'ООО \"ОРЕЛ\"', 'Нормализованное пастеризованное молоко, пищевая соль, уплотнитель хлорид кальция, молокосвертывающий фермпентный препарат микробного происхождения, закваска мезофильных и термофильных молочнокислых микроорганизмов, краситель натуральный \"Аннато\", ферментный препарат животного происхождения \"Лизоцим\" (из белка куриных яиц)', NULL, '230.8', '31.3', '11.8', '0.0', NULL, NULL, NULL, 12, 10, '2021-10-26 20:20:34', '2021-10-27 20:56:59', 13),
(276, 44, 'Сыр с топленым молоком Король сыров', '45%', '20211026_Сыр с топленым молоком Король сыров.jpg', 'ООО \"ОРЕЛ\"', 'Натуральное пастеризованное молоко, топленое молоко, поваренная пищевая соль, уплотнитель хлорид кальция, молокосвертывающий ферментный препарат микробного происхождения, закваска мезофильных и термофильных молочнокислых микроорганизмов, краситель натуральный \"Аннато\", ферментный препарат животного происхождения \"Лизоцим\" (из белка куриных яиц)', NULL, '334', '26.8', '25.2', '0.0', NULL, NULL, NULL, 12, 10, '2021-10-26 20:26:50', '2021-10-27 17:07:00', 13),
(277, 44, 'Сыр классический Король сыров', '45%', '20211026_Сыр классический Король сыров.jpg', 'ООО \"ОРЕЛ\"', 'Нормализованное пастеризованное молоко, поваренная пищевая соль, уплотнитель хлорид кальция, молокосвертывающий ферментный препарат микробного происхождения, закваска мезофильных и термофильных молочнокислых микроорганизмов, краситель натуральный \"Аннато\", ферментный препарат животного происхождения \"Лизоцим\" (из белка куриных яиц)', NULL, '334', '26.8', '25.2', '0.0', NULL, NULL, '4650118482234', 12, 10, '2021-10-26 20:31:07', '2021-10-27 17:07:10', 13),
(278, 44, 'Сыр с козьим молоком Львиное сердце', '45%', '20211026_Сыр с козьим молоком Львиное сердце.jpg', 'ООО \"Еланский сыродельный комбинат\"', 'Молоко цельное, молоко козье, молоко обезжиренное, соль пищевая, консервант нитрат натрия, смешанные закваски мезофильных и термофильных молочнокислых микроорганизмов, молокосвертывающий ферментный препарат животного происхождения, ароматизатор', 'Выводы о продукте сделаны на основании информации, указанной на упаковке товара от 22.10.2021 года', '307', '24.2', '23.4', '0.0', NULL, NULL, '4607088287338', 10, 10, '2021-10-26 20:37:25', '2021-10-27 16:54:57', 13),
(279, 44, 'Сыр маасдам gold радость вкуса Foodland', '45%', '20211026_Сыр маасдам gold радость вкуса Foodland.jpg', 'ООО \"Еланский сыродельный комбинат\"', 'Молоко пастеризованное нормализованное, уплотнитель - хлорид кальция, молокосвертывающий ферментный препарат животного происхождения (химозин, пепсин, консервант бензонат натрия), ферментный препарат животного происхождения (лизоцим), закваска бактериальная мезофильных, термофильных молочнокислых и пропионовокислых бактерий, комплексная пищевая добавка краситель Аннато (краситель аннато, регулятор кислотности Е524, Е235), соль пищевая (содержит антислеживающий агент Е536)', 'Выводы о продукте сделаны на основании информации, указанной на упаковке товара от 22.10.2021 года', '330', '25.0', '25.0', '0.0', NULL, NULL, '4607088285211', 10, 10, '2021-10-26 20:44:20', '2021-10-27 16:55:23', 13),
(280, 44, 'Сыр львиное сердце радость вкуса Foodland', '45%', '20211026_Сыр львиное сердце радость вкуса Foodland.jpg', 'ООО \"Еланский сыродельный комбинат\"', 'Молоко цельное, молоко обезжиренное, соль пищевая, консервант нитрат натрия, ароматизатор, краситель пищевой аннато, смешанные закваски мезофильных и термофильных молочнокислых микроорганизмов, молокосвертывающий ферментный препарат животного происхождения', 'Выводы о продукте сделаны на основании информации, указанной на упаковке товара от 22.10.2021 года', '308', '24.4', '23.4', '0.0', NULL, NULL, '4607088283460', 10, 10, '2021-10-26 20:48:22', '2021-10-27 16:55:44', 13),
(281, 44, 'Сыр ореховый радость вкуса Foodland', '45%', '20211026_Сыр ореховый радость вкуса Foodland.jpg', 'ООО \"Еланский сыродельный комбинат\"', 'Молоко цельное, молоко обезжиренное, соль пищевая, семена фенутрека, ароматизатор, консервант - нитрат натрия, краситель пищевой аннато, смешанные закваски мезофильных и термофильных молочнокислых микроорганизмов, молокосвертывающий ферментный препарат животного происхождения', 'Выводы о продукте сделаны на основании информации, указанной на упаковке товара от 22.10.2021 года', '308', '24.3', '23.4', '0.0', NULL, NULL, '4607088283644', 10, 10, '2021-10-26 20:54:08', '2021-10-27 16:56:04', 13),
(282, 44, 'Сыр российский классический радость вкуса Foodland', '45%', '20211026_Сыр российский классический радость вкуса Foodland.jpg', 'ООО \"Еланский сыродельный комбинат\"', 'Молоко цельное, молоко обезжиренное, соль пищевая, консервант нитрат натрия, краситель пищевой аннато, смешанные закваски мезофильных и термофильных молочнокислых микроорганизмов, молокосвертывающий ферментный препарат животного происхождения', 'Выводы о продукте сделаны на основании информации, указанной на упаковке товара от 22.10.2021 года', '307', '24.2', '23.4', '0.0', NULL, NULL, '4607088283361', 10, 10, '2021-10-26 20:58:44', '2021-10-27 16:57:29', 13),
(283, 46, 'Хлеб ржано-пшеничный велес Житница', NULL, '20211028_Хлеб ржано-пшеничный велес Житница.jpg', 'ООО \"Аврора\"', 'Мука пшеничная 2с, мука ржаная, вода, закваска (мука пшеничная цельнозерновая, вода, соль)', NULL, '180', '4.7', '1.5', '35.5', NULL, NULL, '7930044070840', 12, 10, '2021-10-27 21:18:06', '2021-10-27 21:32:23', 13),
(284, 46, 'Хлеб пшенично-ржаной радомир Житница', NULL, '20211028_Хлеб пшенично-ржаной радомир Житница.jpg', 'ООО \"Аврора\"', 'Мука пшеничная 1/с, мука ржаная, закваска ржаная (мука ржаная, вода питьевая), солод ржаной ферментированный, соль поваренная, вода питьевая', NULL, '241.5', '3.4', '2.0', '26.5', NULL, NULL, '4660048380265', 12, 10, '2021-10-27 21:19:44', '2021-10-27 21:34:54', 13),
(285, 46, 'Хлеб пшеничный добрыня Житница', NULL, '20211028_Хлеб пшеничный добрыня Житница.jpg', 'ООО \"Аврора\"', 'Мука пшеничная 2с, вода, соль, закваска (мука пшеничная цельнозерновая, вода)', NULL, '229', '5.8', '1.8', '48.5', NULL, NULL, '7930044070055', 12, 10, '2021-10-27 21:21:00', '2021-10-27 21:36:00', 13),
(286, 46, 'Хлеб пшеничный семен семеныч Житница', NULL, '20211028_Хлеб пшеничный семен семеныч Житница.jpg', 'ООО \"Аврора\"', 'Мука пшеничная 2 сорт, закваска пшеничная (мука пшеничная 1с, вода очищенная0, семя подсолнечника, солод ржаной ферментированный, сахар, соль, вода', NULL, '231', '4.7', '3.9', '42.0', NULL, NULL, '7930044071199', 25, 10, '2021-10-27 21:22:01', '2021-10-27 21:36:53', 13),
(287, 46, 'Хлеб ржаной славич Житница', NULL, '20211028_Хлеб ржаной славич Житница.jpg', 'ООО \"Аврора\"', 'Мука ржаная, закваска ржаная (мука ржаная, вода), хлопья овсяные обжарка, сахар, соль, вода, семя подсолнечника, солод, масло растительное', NULL, '199', '7.8', '7.8', '35.0', NULL, NULL, '7930044071533', 25, 10, '2021-10-27 21:23:05', '2021-10-27 21:37:56', 13),
(288, 46, 'Хлеб ржаной чеснокович Житница', NULL, '20211028_Хлеб ржаной чеснокович Житница.jpg', 'ООО \"Аврора\"', 'Мука ржаная, вода, чеснок жаренный, подсолнечное масло, соль, закваска (мука ржаная, вода)', NULL, '180', '4.7', '1.5', '35.5', NULL, NULL, '7930044070161', 12, 10, '2021-10-27 21:24:04', '2021-10-27 21:39:01', 13),
(289, 46, 'Хлеб чиполлино с морковкой и семечками Житница', NULL, '20211028_Хлеб чиполлино с морковкой и семечками Житница.jpg', 'ООО \"Аврора\"', 'Мука пшеничная 2с, вода, лук золотистый, морковь, масло подсолнечное, соль, закваска (мука пшеничная цельнозерновая, вода), посыпка: семя тыквы, подсолнечника, кунжута, льна', NULL, '247', '7.8', '2.9', '47.2', NULL, NULL, '7930044070499', 12, 10, '2021-10-27 21:24:59', '2021-10-27 21:39:44', 13),
(290, 46, 'Хлеб тыквенный Житница', NULL, '20211028_Хлеб тыквенный Житница.jpg', 'ООО \"Аврора\"', 'Мука пшеничная 1 сорт, мука 2 сорт, закваска (мука 2 сорта, вода), пюре тыквы, вода, сахар, соль', NULL, '203.6', '6.2', '2.1', '39.8', NULL, NULL, '7930044071472', 25, 10, '2021-10-27 21:26:17', '2021-10-27 21:43:04', 13);
INSERT INTO `products` (`id`, `category_id`, `nameProduct`, `dopOpisanie`, `imgProduct`, `proizvoditel`, `sostav`, `nezhelDobavki`, `kkal`, `belki`, `zhir`, `uglevodi`, `sahar`, `kletchatka`, `shtrihkod`, `vivod_id`, `add_user_id`, `created_at`, `updated_at`, `status_id`) VALUES
(291, 46, 'Хлеб славянский особый с семенами льна Лама', NULL, '20211028_Хлеб славянский особый с семенами льна Лама.jpg', 'ООО Пищевой Комбинат \"Лама\"', 'Мука пшеничная хлебопекарная высшего сорта, мука ржаная хлебопекарная сеяная, вода питьевая, солод ржаной дробленый (рожь), семена льна, хлопья овсяные, патока крахмальная карамельная (патока 100%), соль пищевая поваренная, дрожжи прессованные хлебопекарные, солод ржаной неферментированный, сорбиновая кислота (Е200)', 'Выводы о продукте сделаны на основании информации, указанной на упаковке товара от 22.10.2021 года', '310', '9.0', '4.0', '61.0', NULL, NULL, '4630058685216', 11, 10, '2021-10-27 21:27:20', '2021-10-27 21:44:00', 13),
(292, 46, 'Хлеб пшенично-ржаной литовский с семенами подсолнечника Лама', NULL, '20211028_Хлеб пшенично-ржаной литовский с семенами подсолнечника Лама.jpg', 'ООО Пищевой Комбинат \"Лама\"', 'Мука пшеничная хлебопекарная высшего сорта, мука ржаная хлебопекарная сеяная, вода питьевая, ядро подсолнечника, патока рафинадная классическая (меласса тросникоая, глюкозный сироп, вода), солод ржаной ферментированный, соль пищевая поваренная, дрожжи прессованные хлебопекарные, солод ржаной неферментированный, сорбиновая кислота (Е200)', 'Выводы о продукте сделаны на основании информации, указанной на упаковке товара от 22.10.2021 года', '340', '11.0', '10.0', '55.0', NULL, NULL, '4630058685193', 11, 10, '2021-10-27 21:28:22', '2021-10-27 21:44:47', 13),
(293, 46, 'Хлеб десертный гурман с курагой и черносливом Лама', NULL, '20211028_Хлеб десертный гурман с курагой и черносливом Лама.jpg', 'ООО Пищевой Комбинат \"Лама\"', 'Мука пшеничная хлебопекарная высшего сорта, мука ржаная хлебопекарная сеяная, вода питьевая, ядро подсолнечника, чернослив, курага, сахар-песок, патока рафинадная классическая (меласса тросниковая, глюкозный сироп, вода), соль пищевая поваренная, манная крупа, дрожжи прессованные хлебопекарные, солод ржаной неферментированный, сорбиновая кислота (Е200)', 'Выводы о продукте сделаны на основании информации, указанной на упаковке товара от 22.10.2021 года', '315', '9.0', '6.0', '18.0', NULL, NULL, '4630058685209', 11, 10, '2021-10-27 21:29:17', '2021-10-27 21:45:38', 13),
(294, 46, 'Хлеб скандинавский заварной Лама', NULL, '20211028_Хлеб скандинавский заварной Лама.jpg', 'ООО Пищевой Комбинат \"Лама\"', 'Мука пшеничная хлебопекарная первого сорта, мука ржаная хлебопекарная обдирная, вода питьевая, зерно ржаное резаное, крупа манка, соль пищевая поваренная, сироп сахарный \"Leipomo\" (свекловичный, тросниковый), ядро подсолнечника, дрожжи прессованные хлебопекарные', NULL, '270', '7.5', '1.5', '60.0', NULL, NULL, '4650062438974', 25, 10, '2021-10-27 21:30:49', '2021-10-27 21:47:45', 13),
(295, 46, 'Багет французский Лама', NULL, '20211028_Багет французский Лама.jpg', 'ООО Пищевой Комбинат \"Лама\"', 'Мука пшеничная хлебопекарная высшего сорта, вода питьевая, маргарин (рафинированные дезодорированные растительные масла в натуральном и модифицированном виде, в том числе соевое; вода, эмульгатор моно- и диглицериды жирных кислот, соль, регулятор кислотности - лимонная кислота, ароматизатор, краситель бета-каротин)), масло подсолнечное, сахар-песок, яйцо куриное пищевое, дрожжи хлебопекарные прессованные, соль пищевая поваренная, комплексная пищевая добавка - улучшитель хлебопекарный (мука пшеничная, антиокислитель - аскорбиновая кислота, ферменты)', 'Выводы о продукте сделаны на основании информации, указанной на упаковке товара от 22.10.2021 года', '300', '12.0', '4.8', '16.4', '12.0', NULL, '4650070388636', 10, 10, '2021-10-27 21:49:22', '2021-10-27 21:52:15', 13),
(296, 46, 'Хлеб пшенично-ржаной mishe Лама', NULL, '20211028_Хлеб пшенично-ржаной mishe Лама.jpg', 'ООО Пищевой Комбинат \"Лама\"', 'Мука пшеничная хлебопекарная в/с, мука ржаная хлебопекарная сеяная, вода питьевая, хлопья овсяные, манная крупа, патока крахмальная, масло растительное подсолнечное, соль пищевая поваренная, солод ржаной сухой, дрожжи хлебопекарные прессованные. \r\nПродукт может содерать следы арахиса, молочный продуктов, яичных продуктов, кунжута', 'Выводы о продукте сделаны на основании информации, указанной на упаковке товара от 22.10.2021 года', '280', '10.0', '1.0', '13.0', NULL, NULL, '4650070385987', 11, 10, '2021-10-27 21:52:07', '2021-10-27 21:52:07', 13),
(297, 46, 'Хлеб хлебная семечка Хлебобулочная компания', NULL, '20211028_Хлеб хлебная семечка Хлебобулочная компания.jpg', 'ООО \"Хлебобулочная компания\"', 'Мука пшеничная хлебопекарная в/с, мука ржаная обдирная, соль поваренная, вода питьевая, дрожжи хлебопекарные, сахар, закваска ржаная Сапоре Отелло (ферментированная ржаная мука), семя подсолнечника, улучшитель Дунапан Экстра', 'Выводы о продукте сделаны на основании информации, указанной на упаковке товара от 22.10.2021 года', '281', '8.6', '5.3', '48.7', NULL, NULL, '4607115650494', 10, 10, '2021-10-27 21:54:13', '2021-10-27 21:54:13', 13),
(298, 46, 'Хлеб пшеничный 1 сорт Лама', NULL, '20211028_Хлеб пшеничный 1 сорт Лама.jpg', 'ООО Пищевой Комбинат \"Лама\"', 'Мука пшеничная хлебопекарная первого сорта, вода питьевая, соль пищевая поваренная, дрожжи прессованные хлебопекарные', NULL, '230', '8.0', '1.0', '45.0', NULL, NULL, '4650070381583', 12, 10, '2021-10-27 21:56:34', '2021-10-27 21:56:34', 13),
(299, 46, 'Хлеб тостовый ржаной Лама', NULL, '20211028_Хлеб тостовый ржаной Лама.jpg', 'ООО Пищевой Комбинат \"Лама\"', 'Мука пшеничная хлебопекарная первого сорта, мука ржаная хлебопекарная обдирная, вода питьевая, сахар-песок, ржаной сухой солод, маргарин (рафинированные дезодорированные растательные масла в натуральном и модифицированном виде, в том числе соевое; вода, эмульгатор моно- и диглицериды жирных кислот, соль, регулятор кислотности - лимонная кислота, ароматизатор, краситель, бета-каротин)), соль пищевая поваренная, дрожжи хлебопекарные сухие, кориандр, комплексная пищевая добавка - улучшитель хлебопекарный (мука пшеничная, антиокислитель - аскорбиновая кислота, ферменты)', 'Выводы о продукте сделаны на основании информации, указанной на упаковке товара от 22.10.2021 года', '276', '8.0', '3.5', '55.0', NULL, NULL, '4607024826195', 10, 10, '2021-10-27 21:58:28', '2021-10-27 21:58:28', 13),
(300, 46, 'Хлеб тостовый зерновой Лама', NULL, '20211028_Хлеб тостовый зерновой Лама.jpg', 'ООО Пищевой Комбинат \"Лама\"', 'Мука пшеничная хлебопекарная высшего сорта, зерно пшеницы дробленое, вода питьевая, соль пищевая поваренная, масло подсолнечное, дрожжи хлебопекарные сухие, комплексная пищевая добавка - улучшитель хлебопекарный (мука пшеничная, антиокислитель - аскорбиновая кислота, ферменты))', 'Выводы о продукте сделаны на основании информации, указанной на упаковке товара от 22.10.2021 года', '189', '9.0', '1.0', '11.0', NULL, NULL, '4607024826140', 11, 10, '2021-10-27 22:00:01', '2021-10-27 22:00:01', 13),
(301, 46, 'Хлеб тостовый классический Лама', NULL, '20211028_Хлеб тостовый классический Лама.jpg', 'ООО Пищевой Комбинат \"Лама\"', 'Мука пшеничная хлебопекарная высшего сорта, вода питьевая, дрожжи прессованные хлебопекарные, маргарин (рафинированные дезодорированные растительные масла в натуральном и модифицированном виде, в том числе соевое; вода, эмульгатор моно- и диглицериды жирных кислот, соль, регулятор кислотности лимонная кислота, ароматизатор, краситель бета-каротин)), молоко сухое, сахар-песок, соль пищевая поваренная, комплексная пищевая добавка - улучшитель хлебопекарный (мука пшеничная, антиокислитель - аскорбиновая кислота, ферменты)', 'Выводы о продукте сделаны на основании информации, указанной на упаковке товара от 22.10.2021 года', '230', '7.5', '2.0', '48.0', NULL, NULL, '4607024826164', 10, 10, '2021-10-27 22:01:27', '2021-10-27 22:01:27', 13),
(302, 46, 'Батон столичный новый Лама', NULL, '20211028_Батон столичный новый Лама.jpg', 'ООО Пищевой Комбинат \"Лама\"', 'Мука пшеничная хлебопекарная высшего сорта, вода питьевая, дрожжи прессованные хлебопекарные, подсолнечное масло, сахар-песок, соль пищевая поваренная, комплексная пищевая добавка - улучшитель хлебопекарный (мука пшеничная, антиокислитель - аскорбиновая ислота, ферменты)', 'Выводы о продукте сделаны на основании информации, указанной на упаковке товара от 22.10.2021 года', '208', '8.5', '1.0', '49.0', NULL, NULL, '4607024823309', 11, 10, '2021-10-27 22:03:58', '2021-10-27 22:03:58', 13),
(303, 46, 'Багет пшенично-ржаной льняное чудо Лама', NULL, '20211028_Багет пшенично-ржаной льняное чудо Лама.jpg', 'ООО Пищевой Комбинат \"Лама\"', 'Мука пшеничная хлебопекарная высшего сорта, мука ржаная хлебопекарная обдирная, мука ржаная хлебопекарная сеяная, вода питьевая, семена льна, патока рафинадная классическая (вода, сахар, глюкоза, фруктоза, рафиноза, бетаин), поваренная пищевая соль, солод ржаной ферментированный, глютен пшеничный (сухая пшеничная клейковина)', 'Выводы о продукте сделаны на основании информации, указанной на упаковке товара от 22.10.2021 года', '340', '12.0', '7.5', '59.0', NULL, NULL, '4650070389695', 11, 10, '2021-10-28 16:47:19', '2021-10-28 16:47:19', 13),
(304, 46, 'Батон с отрубями Лама', NULL, '20211028_Батон с отрубями Лама.jpg', 'ООО Пищевой Комбинат \"Лама\"', 'Мука пшеничная хлебопекарная высшего сорта, вода питьевая, пшеничные пищевые отруби, масло подсолнечное, поваренная пищевая соль, сахар-песок, дрожжи хлебопекарные сухие', 'Выводы о продукте сделаны на основании информации, указанной на упаковке товара от 22.10.2021 года', '212', '6.0', '2.0', '44.0', NULL, NULL, '4607024822661', 11, 10, '2021-10-28 16:50:00', '2021-10-28 16:50:00', 13),
(305, 46, 'Батон бутербродный Лама', NULL, '20211028_Батон бутербродный Лама.jpg', 'ООО Пищевой Комбинат \"Лама\"', 'Мука пшеничная хлебопекарная первого сорта, вода питьевая, соль пищевая поваренная, дрожжи сухие хлебопекарные, комплексный хлебопекарный улучшитель (мука пшеничная хлебопекарная высшего сорта, мука пшеничная хлебопекарная второго сорта, аскорбиновая кислота, соль, крахмал пшеничный, глюкоза, эмульгатор Е472е; носители Е341iii, Е170), ферменты', 'Выводы о продукте сделаны на основании информации, указанной на упаковке товара от 22.10.2021 года', '245', '9.0', '1.5', '52.0', NULL, NULL, '4630058681904', 10, 10, '2021-10-28 16:52:50', '2021-10-28 16:52:50', 13),
(306, 46, 'Хлеб ржаное чудо Лама', NULL, '20211028_Хлеб ржаное чудо Лама.jpg', 'ООО Пищевой Комбинат \"Лама\"', 'Мука пшеничная хлебопекарная первого сорта, мука ржаная хлебопекарная обдирная, вода питьевая, сироп сахарный \"Liepomo\" (свекловичный, тростниковый), экстракт солодовый (солод ячменный, вода), солод ячменный молотый, солод ржаной сухой, дрожжи хлебопекарные прессованные, соль пищевая поваренная, кориандр молотый.\r\nПродукт может содержать следы арахиса, молочный продуктов, яичных продуктов, кунжута', NULL, '245', '7.0', '1.0', '52.0', NULL, NULL, '4650062439827', 25, 10, '2021-10-28 16:54:19', '2021-10-28 16:54:19', 13),
(307, 46, 'Хлеб богородский Лама', NULL, '20211028_Хлеб богородский Лама.jpg', 'ООО Пищевой Комбинат \"Лама\"', 'Мука ржаная обдирная хлебопекарная, мука пшеничная хлебопекарная первого сорта, вода питьевая, соль пищевая поваренная, хмелевая композиция', NULL, '210', '7.0', '1.0', '42.0', NULL, NULL, '4650062433771', 12, 10, '2021-10-28 16:55:47', '2021-10-28 16:55:47', 13),
(308, 46, 'Хлеб бородинский новый Лама', NULL, '20211028_Хлеб бородинский новый Лама.jpg', 'ООО Пищевой Комбинат \"Лама\"', 'Мука ржаная хлебопекарная обдирная, мука пшеничная хлебопекарная первого сорта, вода питьевая, ржаной сухой солод, крахмальная патока, сахар-песок, кориандр, соль пищевая поваренная, дрожжи хлебопекарные сухие', NULL, '206', '7.0', '1.0', '44.0', NULL, NULL, '4607024825679', 25, 10, '2021-10-28 16:57:08', '2021-10-28 16:57:08', 13),
(309, 46, 'Хлеб чиабатта пшеничная Лама', NULL, '20211028_Хлеб чиабатта пшеничная Лама.jpg', 'ООО Пищевой Комбинат \"Лама\"', 'Мука пшеничная хлебопекарная высшего сорта, вода питьевая, масло подсолнечное, комплексная пищевая добавка (высушенная пшеничная закваска, дрожжи, антиокислитель - аскорбиновая кислота, ферменты (содержащие в пшенице), дрожжи хлебопекарные прессованные, соль пищевая', 'Выводы о продукте сделаны на основании информации, указанной на упаковке товара от 22.10.2021 года', '320', '10.0', '5.5', '60.0', NULL, NULL, NULL, 11, 10, '2021-10-28 16:59:10', '2021-10-28 16:59:10', 13),
(310, 46, 'Хлеб дарницкий новый Лама', NULL, '20211028_Хлеб дарницкий новый Лама.jpg', 'ООО Пищевой Комбинат \"Лама\"', 'Мука ржаная хлебопекарная обдирная, мука пшеничная хлебопекарная первого сорта, вода питьевая, соль пищевая поваренная, ржаной сухой солод, дрожжи хлебопекарные', NULL, '185', '7.0', '1.0', '40.0', NULL, NULL, '4607024823361', 12, 10, '2021-10-28 17:00:29', '2021-10-28 17:00:29', 13),
(311, 46, 'Хлеб тостовый гарри Лама', NULL, '20211028_Хлеб тостовый гарри Лама.jpg', 'ООО Пищевой Комбинат \"Лама\"', 'Мука пшеничная хлебопекарная высшего сорта, вода питьевая, комплексная пищевая добавка - улучшитель хлебопекарный (пудра сахарная, клейковина пшеничная, соль, мука пшеничная, эмульгаторы (Е471, Е481), мука соевая полножирная, солод пшеничный, антиокислитель - аскорбиновая кислота, ферменты), сахар-песок, масло подсолнечное, дрожжи хлебопекарные прессованные, комплексная пищевая добавка \"Ультра Лонг\" (агент влагоудерживающий Е1520, вода питьевая, консервант Е281), соль пищевая поваренная.\r\nПродукт может содержать следы арахиса, молочных продуктов, яичных продуктов, кунжута', 'Выводы о продукте сделаны на основании информации, указанной на упаковке товара от 22.10.2021 года', '363', '11.5', '6.0', '69.0', NULL, NULL, '4650070387707', 10, 10, '2021-10-28 17:02:52', '2021-10-28 17:02:52', 13),
(312, 46, 'Хлеб порционный с кунжутом Лама', NULL, '20211028_Хлеб порционный с кунжутом Лама.jpg', 'ООО Пищевой Комбинат \"Лама\"', 'Мука пшеничная хлебопекарная высшего сорта, вода питьевая, кунжут, подсолнечное масло, соль пищевая поваренная, сахар-песок, куриное пищевое яйцо, дрожжи хлебопекарные сухие, комплексная пищевая добавка - улучшитель хлебопекарный (мука пшеничная, антиокислитель - аскорбиновая кислота, ферменты)', 'Выводы о продукте сделаны на основании информации, указанной на упаковке товара от 22.10.2021 года', '310', '9.5', '7.0', '54.0', NULL, NULL, '4607024822999', 11, 10, '2021-10-28 17:04:19', '2021-10-28 17:04:19', 13),
(313, 46, 'Хлеб порционный Лама', NULL, '20211028_Хлеб порционный Лама.jpg', 'ООО Пищевой Комбинат \"Лама\"', 'Мука пшеничная хлебопекарная в/с, вода питьевая, масло подсолнечное, соль поваренная пищевая, сахар-песок, дрожжи хлебопекарные сухие, комплексная пищевая добавка - улучшитель хлебопекарный (мука пшеничная, антиокислитель - аскорбиновая кислота, ферменты)', 'Выводы о продукте сделаны на основании информации, указанной на упаковке товара от 22.10.2021 года', '250', '11.0', '2.0', '14.0', NULL, NULL, '4607024822975', 11, 10, '2021-10-28 17:05:34', '2021-10-28 17:05:34', 13),
(314, 46, 'Батон нарезной молочный Лама', NULL, '20211028_Батон нарезной молочный Лама.jpg', 'ООО Пищевой Комбинат \"Лама\"', 'Мука пшеничная хлебопекарная высшего сорта, вода питьевая, сахар-песок, молоко сухое обезжиренное, соль пищевая поваренная, маргарин (рафинированные дезодорированные растительные масла в натуральном и модифицированном виде, в том числе соевое; вода, эмульгатор моно- и диглицериды жирных кислот, соль, регулятор кислтности - лимонная кислота, ароматизатор, краситель бета-каротин), дрожжи хлебопекарные прессованны.\r\nПродукт может содержать следы арахиса, яичных продуктов, кунжута', 'Выводы о продукте сделаны на основании информации, указанной на упаковке товара от 22.10.2021 года', '260', '8.3', '1.4', '52.4', NULL, NULL, '4650070385475', 10, 10, '2021-10-28 17:06:55', '2021-10-28 17:06:55', 13),
(315, 46, 'Хлеб ароматный Хлебозавод №4', NULL, '20211028_Хлеб ароматный Хлебозавод №4.jpg', 'ООО \"Хлебозавод №4\"', 'Мука пшеничная хлебопекарная 1/с, мука ржаная обдирная, вода питьевая, сахар-песок, солод ржаной ферментированный, яйцо куриное, кунжут, соль пищевая, тмин, композиция хмелевая (хмель, соль поваренная пищевая)', NULL, '225', '6.0', '1.0', '40.0', NULL, NULL, '4660003500165', 25, 10, '2021-10-28 17:21:49', '2021-10-28 17:21:49', 13),
(316, 46, 'Хлеб чайный с изюмом Хлебозавод №4', NULL, '20211028_Хлеб чайный с изюмом Хлебозавод №4.jpg', 'ООО \"Хлебозавод №4\"', 'Мука пшеничная хлебопекарная 1/с, мука ржаная обдирная, кориандр молотый, вода питьевая, сахар-песок, солод ржаной ферментированный, изюм, дрожжи прессованные хлебопекарные, соль пищевая', NULL, '250', '6.0', '1.0', '50.0', NULL, NULL, '4660003500134', 25, 10, '2021-10-28 17:23:10', '2021-10-28 17:23:10', 13),
(317, 46, 'Хлеб белый из пшеничной муки высшего сорта Лама', NULL, '20211028_Хлеб белый из пшеничной муки высшего сорта Лама.jpg', 'ООО Пищевой Комбинат \"Лама\"', 'Мука пшеничная хлебопекарная высшего сорта, вода питьевая, сыворотка молочная, соль пищевая поваренная, дрожжи прессованные хлебопекарные', 'Выводы о продукте сделаны на основании информации, указанной на упаковке товара от 22.10.2021 года', '215', '11.0', '1.0', '12.0', NULL, NULL, '4630058687104', 11, 10, '2021-10-28 17:24:40', '2021-10-28 17:24:40', 13),
(318, 46, 'Хлеб пшенично-ржаной Хлебозавод №4', NULL, '20211028_Хлеб пшенично-ржаной Хлебозавод №4.jpg', 'ООО \"Хлебозавод №4\"', 'Мука ржаная обдирная, мука пшеничная хлебопекарная 1/с, вода питьевая, дрожжи хлебопекарные прессованные, соль поваренная пищевая', NULL, '190', '8.0', '1.0', '37.0', NULL, NULL, '4660003500523', 12, 10, '2021-10-28 17:26:01', '2021-10-28 17:26:01', 13),
(319, 46, 'Хлеб ржано-пшеничный энергия семян Лама', NULL, '20211028_Хлеб ржано-пшеничный энергия семян Лама.jpg', 'ООО Пищевой Комбинат \"Лама\"', 'Мука ржаная хлебопекарная сеяная, мука пшеничная хлебопекарная высшего сорта, закваска (вода, мука ржаная обдирная, хмелевая композиция), вода питьевая, семена льна, ядро подсолнечника, манная крупа, солод ржаной неферментированный, патока рафинадная классическая (сахароза, глюкоза, фруктоза, рафиноза, бетаин), солод ржаной ферментированный, соль пищевая поваренная.\r\nпродукт может содержать следы арахиса, молочный продуктов, яичных продуктов, кунжута', NULL, '345', '10.0', '8.5', '60.0', NULL, NULL, '4650070389459', 25, 10, '2021-10-28 17:27:44', '2021-10-28 17:27:44', 13),
(320, 46, 'Батон золотая рожь Лама', NULL, '20211028_Батон золотая рожь Лама.jpg', 'ООО Пищевой Комбинат \"Лама\"', 'Мука пшеничная хлебопекарная высшего сорта, мука ржаная хлебопекарная сеяная, вода питьевая, крупа манная, сахар, молоко сухое, маргарин (рафинированные дезодорированные растительные масла в натуральном и модифицированном виде, в том числе соевое; вода, эмульгатор моно-и диглицериды жирных кислот, соль, регулятор кислотности лимонная кислота, ароматизатор, краситель бета-каротин), солод ржаной сухой, соль пищевая поваренная, дрожжи хлебопекарные прессованные', 'Выводы о продукте сделаны на основании информации, указанной на упаковке товара от 22.10.2021 года', '350', '10.0', '4.0', '72.0', NULL, NULL, '4650070386120', 10, 10, '2021-10-28 17:44:54', '2021-10-28 17:44:54', 13),
(321, 46, 'Багет пшеничный Лама', NULL, '20211028_Багет пшеничный Лама.jpg', 'ООО Пищевой Комбинат \"Лама\"', 'Мука пшеничная хлебопекарная высшего сорта, вода питьевая, масло подсолнечное, комплексная пищевая добавка (высушенная пшеничная закваска, дрожжи, антиокислитель - аскорбиновая кислота, ферменты (содержащие в пшенице), дрожжи хлебопекарные прессованные, соль пищевая.\r\nПродукт может содержать следы арахиса, молочных продуктов, яичных продуктов, кунжута', 'Выводы о продукте сделаны на основании информации, указанной на упаковке товара от 22.10.2021 года', '320', '10.0', '5.5', '60.0', NULL, NULL, '4630058683076', 11, 10, '2021-10-28 17:46:14', '2021-10-28 17:46:14', 13),
(322, 46, 'Хлеб пшеничный из муки первого сорта Лама', NULL, '20211028_Хлеб пшеничный из муки первого сорта Лама.jpg', 'ООО Пищевой Комбинат \"Лама\"', 'Мука пшеничная хлебопекарная первого сорта, вода питьевая, дрожжи прессованные хлебопекарные, соль пищевая поваренная, комплесная пищевая добавка - улучшитель хлебопекарный (мука пшеничная высшего сорта, мука соевая полножирная, эмульгатор (Е472е), антиокислитель (аскорбиновая кислота), регулятор кислотности лимонная кислота, ферменты, вещество для обработки муки (Е920))', 'Выводы о продукте сделаны на основании информации, указанной на упаковке товара от 22.10.2021 года', '250', '9.0', '1.0', '54.0', NULL, NULL, '4650070388629', 10, 10, '2021-10-28 17:47:29', '2021-10-28 17:47:29', 13),
(323, 46, 'Батон нарезной Лама', NULL, '20211028_Батон нарезной Лама.jpg', 'ООО Пищевой Комбинат \"Лама\"', 'Мука пшеничная хлебопекарная высшего сорта, вода питьевая, сахар-песок, маргарин (рафинированные дезодорированные растительные масла в натуральном и модифицированном виде, в том числе соевое; вода, эмульгатор моно-и диглицериды жирных кислот, соль, регулятор кислотности лимонная кислота, ароматизатор, краситель бета-каротин)), соль пищевая поваренная, дрожжи хлебопекарные сухие', 'Выводы о продукте сделаны на основании информации, указанной на упаковке товара от 22.10.2021 года', '260', '7.5', '3.0', '51.0', NULL, NULL, '4607024825266', 10, 10, '2021-10-28 17:49:05', '2021-10-28 17:49:05', 13),
(324, 46, 'Хлеб чайный Лама', NULL, '20211028_Хлеб чайный Лама.jpg', 'ООО \"Пищевой комбинат \"ЛАМА\"', 'Мука пшеничная хлебопекарная первого сорта, мука ржаная хлебопекарная обдирная, вода питьевая, сахар-песок, ржаной сухой солод, маргарин (рафинированные дезодорированные растительные масла, в натуральном и модифицированном виде, в том числе соевое; вода, эмульгатор моно-и диглицериды жирных кислот, соль, регулятор кислотности лимонная кислота, ароматизатор, краситель бета-каротин)), вода питьевая, эмульгаторы (Е471, Е475), ароматизаторы, регулятор кислотности кислота лимонная, краситель каротин)), отруби пшеничные пищевые, соль пищевая поваренная, кориандр, дрожжи хлебопекарные сухие', 'Выводы о продукте сделаны на основании информации, указанной на упаковке товара от 22.10.2021 года', '276', '8.0', '3.5', '55.0', NULL, NULL, '4607024825242', 10, 10, '2021-10-28 17:50:26', '2021-10-28 17:50:26', 13),
(325, 46, 'Хлеб дачная грядка Лама', NULL, '20211028_Хлеб дачная грядка Лама .jpg', 'ООО \"Пищевой комбинат \"ЛАМА\"', 'Мука пшеничная хлебопекарная высшего сорта, мука ржаная хлебопекарная обдирная, мука ржаная хлебопекарная сеяная, вода питьевая, морковь сушеная кусочками, лук репчатый сушеный жареный (лук репчатый, растительное масло, пшеничная мука, соль пищевая поваренная), патока рафинадная классическая (вода, сахар, глюкоза, фруктоза, рафинад, бетаин), поваренная пищевая соль, солод ржаной неферментированный, глютен пшеничный (сухая пшенична клейковина), крахмал кукурузный', 'Выводы о продукте сделаны на основании информации, указанной на упаковке товара от 22.10.2021 года', '260', '10.6', '3.0', '14.8', NULL, NULL, '4650070388643', 11, 10, '2021-10-28 17:51:44', '2021-10-28 17:51:44', 13),
(326, 46, 'Булочки для хот догов Jaus', NULL, '20211028_Булочки для хот догов Jaus.jpg', 'Kuchenmeister GmbH', 'Пшеничная мука 64%, вода, сахар 7%, подсолнечное масло 3%, дрожжи, соль, регулятор кислотности: ацетат натрия, эмульгаторы (Е471, Е481), ячменная солодовая мука, натуральный ароматизатор (хлеб), этиловый спирт', 'Выводы о продукте сделаны на основании информации, указанной на упаковке товара от 22.10.2021 года', '276', '8.5', '4.0', '50.0', NULL, NULL, NULL, 10, 10, '2021-10-28 17:53:12', '2021-10-28 17:54:32', 13),
(327, 46, 'Булочки для гамбургеров с кунжутом Jaus', NULL, '20211028_Булочки для гамбургеров с кунжутом Jaus.jpg', 'Kuchenmeister GmbH', 'Пшеничная мука 62%, вода, сахар 7%, семена кунжута 3%, подсолнечное масло 3%, дрожжи, соль, регулятор кислотности: ацетат натрия, эмульгаторы (Е471, Е481), ячменная солодовая мука, натуральный ароматизатор (хлеб), этиловый спирт', 'Выводы о продукте сделаны на основании информации, указанной на упаковке товара от 22.10.2021 года', '286', '8.5', '5.5', '50.0', NULL, NULL, NULL, 10, 10, '2021-10-28 17:54:23', '2021-10-28 17:54:23', 13),
(328, 46, 'Батон сдобный Инской', NULL, '20211028_Батон сдобный Инской.jpg', 'ЗАО \"Хлебокомбинат \"Инской\"', 'Мука пшеничная хлебопекарная высшего сорта, вода питьевая, сахар белый, маргарин твердый \"Столовый Особый\" с молочным вкусом и ароматом (рафинированные дезодорированные масла в натуральном и модифицированном виде (подсолнечное масло, пальмовое масло), вода, эмульгаторы: (Е471, Е322), соль пищевая, краситель (Е160а), ароматизатор \"Сливки-молоко\", регулятор кислотности лимонная кислота), смесь кондитерская (мука пшеничная, клейковина пшеничная, декстроза, эмульгаторы (Е472е, Е322), соль пищевая, молоко сухое, ароматизатор (ваниль), ароматизатор (масло), регулятор кислотности Е450, стабилизатор гуаровая камедь Е412, энзимы (ксиланазы, амилазы), антиокислитель аскорбиновая кислота Е300), соль пищевая, дрожжи хлебопекарные, улучшитель хлебопекарный (пшеничная мука, стабилизатор: карбонат кальция, антиокислитель: аскорбиновая кислота, технологические вспомогательные средства: ферменты (амилазы и гемицеллюлазы), кислота лимонная)', 'Выводы о продукте сделаны на основании информации, указанной на упаковке товара от 22.10.2021 года', '270', '8.0', '3.0', '53.0', NULL, NULL, NULL, 10, 10, '2021-10-28 17:55:55', '2021-10-28 17:55:55', 13),
(329, 46, 'Хлеб тостовый гурман Лента', NULL, '20211028_Хлеб тостовый гурман Лента.jpg', 'АО \"Хлебообъединение \"Восход\"', 'Мука пшеничная хлебопекарная высшего сорта, вода питьевая, маргарин (рафинированные дезодорированные растительные масла в натуральном и модифицированном виде (подсолнечное масло, пальмовое масло), вода, эмульгторы (моно- и диглицериды жирных кислот, соевый лецитин), соль поваренная пищевая, ароматизаор, красиель - каротины, регулятор кислотности - лимонная кислота), соль поваренная пищевая, сахар, молоко сухое обезжиренное, дрожжи сухие инстантные (дрожжи (Saccharomyces cerevisiae), эмульгатор - сорбинат моностеарат), улучшитель хлебопекарный (мука пшеничная, эмульгатор Е481, мука соевая, антиокислитель - аскорбиновая кислота, ферменты)', 'Выводы о продукте сделаны на основании информации, указанной на упаковке товара от 22.10.2021 года', '310', '8.5', '7.5', '52.0', NULL, NULL, NULL, 10, 10, '2021-10-28 18:00:53', '2021-10-28 18:00:53', 13),
(330, 46, 'Хлеб деревенский Инской', NULL, '20211028_Хлеб деревенский Инской.jpg', 'ЗАО \"Хлебокомбинат \"Инской\"', 'Мука пшеничная хлебопекарная первого сорта, вода питьевая, мука ржаная хлебопекарная обдирная, семена подсолнечника, кунжут, масло подсолнечное, слодовый экстракт (ячмень осолодованный, вода), дрожжи хлебопекарные, соль пищевая, солод ржаной ферментированный, улучшитель хлебопекарный (пшеничная мука, стабилизато: карбонат кальция, антиокислитель: аскорбиновая кислота, технологические вспомогательные средства: ферменты (амилазы и гемицеллюлазы), кислота лимонная) \r\nМогут присутствовать следы аллергенов: сухое молоко, кунжут', 'Выводы о продукте сделаны на основании информации, указанной на упаковке товара от 22.10.2021 года', '290', '9.0', '9.0', '43.0', NULL, NULL, NULL, 10, 10, '2021-10-28 18:02:21', '2021-10-28 18:02:21', 13),
(331, 46, 'Хлеб дарницкий Хлебозавод №4', NULL, '20211028_Хлеб дарницкий Хлебозавод №4.jpg', 'ООО \"Хлебозавод №4\"', 'Мука ржаная обдирная, мука пшеничная хлебопекарная 1/с, вода питьевая, соль пищевая, дрожжи прессванные хлебопекарные', NULL, '220', '8.0', '2.5', '40.0', NULL, NULL, NULL, 12, 10, '2021-10-28 18:04:00', '2021-10-28 18:04:00', 13),
(332, 46, 'Хлеб дарницкий новый 365 дней', NULL, '20211028_Хлеб дарницкий новый 365 дней.jpg', 'АО \"Хлебообъединение \"Восход\"', 'Мука ржаная хлебопекарная обдирная, вода питьевая, мука пшеничная хлебопекарная второго сорта, соль поваренная пищевая', NULL, '230', '7.5', '1.5', '47.0', NULL, NULL, NULL, 12, 10, '2021-10-28 18:06:05', '2021-10-28 18:06:05', 13),
(333, 46, 'Хлеб бородинский Хлебозавод №4', NULL, '20211028_Хлеб бородинский Хлебозавод №4.jpg', 'ООО \"Хлебозавод №4\"', 'Мука ржаная обдирная, мука пшеничная хлебопекарная 1/2, вода питьевая, сахар-песок, солод ржаной ферментированный, соль пищевая, кориандр, дрожжи прессованные хлебопекарные', NULL, '200', '7.0', '1.0', '40.0', NULL, NULL, NULL, 25, 10, '2021-10-28 18:12:04', '2021-10-28 18:12:04', 13),
(334, 46, 'Хлеб славянский бездрожжевой на закваске Инской', NULL, '20211028_Хлеб славянский бездрожжевой на закваске Инской.jpg', 'ЗАО \"Хлебокомбинат \"Инской\"', 'Мука пшеничная хлебопекарная первого сорта, мука ржаная хлебопекарная обдирная, вода питьевая, сироп сахарный, солод ржаной ферментированный, соль пищевая, солод ячменный молотый, тмин', NULL, '230', '6.5', '1.0', '48.0', NULL, NULL, NULL, 25, 10, '2021-10-28 18:20:18', '2021-10-28 18:20:18', 13),
(335, 46, 'Хлеб бородинский Лента', NULL, '20211028_Хлеб бородинский Лента.jpg', 'ЗАО \"Хлебокомбинат \"Инской\"', 'Мука ржаная хлебопекарная обдирная, мука пшеничная хлебопекарная первого сорта, вода питьевая, сахар белый, солод ржаной ферментированный, патока, соль пищевая, кориандр, дрожжи хлебопекарные', NULL, '220', '6.0', '1.0', '47.0', NULL, NULL, NULL, 25, 10, '2021-10-28 18:21:31', '2021-10-28 18:21:31', 13),
(336, 46, 'Хлеб богородский Хлебозавод №4', NULL, '20211028_Хлеб богородский Лама.jpg', 'ООО \"Хлебозавод №4\"', 'Мука ржаная обдирная, мука пшеничная хлебопекарная 1/с, вода питьевая, соль пищевая, композиция хмелевая (хмель, соль поваренная пищевая)', NULL, '220', '7.0', '1.0', '44.0', NULL, NULL, NULL, 12, 10, '2021-10-28 18:22:49', '2021-10-28 18:22:49', 13),
(337, 46, 'Хлеб берлинский Кузьминка', NULL, '20211028_Хлеб берлинский Кузьминка.jpg', 'ООО \"Комбинат пищевых продуктов \"Кузьминка\"', 'Мука пшеничная хлебопекарная высшего сорта, вода питьевая, зерно дробленое, сахар-песок, дрожжи хлебопекарные прессованные, соль поваренная пищевая', 'Выводы о продукте сделаны на основании информации, указанной на упаковке товара от 22.10.2021 года', '290', '10.0', '1.5', '60.0', NULL, NULL, NULL, 11, 10, '2021-10-28 18:24:06', '2021-10-28 18:24:06', 13),
(338, 46, 'Хлеб купеческий Хлебозавод №4', NULL, '20211028_Хлеб купеческий Хлебозавод №4.jpg', 'ООО \"Хлебозавод №4\"', 'Мука ржаная обдирная, мука пшеничная хлебопекарная 1/с, вода питьевая, солод ржаной ферментированный, сахар-песок, кориандр молотый, дрожжи прессованные хлебопекарные, соль поваренная пищевая', NULL, '245', '6.0', '1.0', '50.0', NULL, NULL, NULL, 25, 10, '2021-10-28 18:25:22', '2021-10-28 18:25:22', 13),
(339, 46, 'Хлеб скандинавский энержи Восход', NULL, '20211028_Хлеб скандинавский энержи Восход.jpg', 'АО \"Хлебообъединение \"Восход\"', 'Мука ржаная хлебопекарная обдирная, вода питьевая, мука пшеничная хлебопекарная первого сорта, сахар, тмин, солод ржаной ферментированный, патока, солодовый экстракт (ячмень, вода), дрожжи хлебопекарные прессованные, соль поваренная пищевая', NULL, '220', '7.0', '1.5', '40.0', NULL, NULL, NULL, 25, 10, '2021-10-28 18:29:26', '2021-10-28 18:29:26', 13),
(340, 46, 'Батон нарезной Лента', NULL, '20211028_Батон нарезной Лента.jpg', 'ЗАО \"Хлебокомбинат \"Инской\"', 'Мука пшеничная хлебопекарная высшего сорта, вода питьевая, сахар-песок, масло подсолнечное, соль поваренная пищевая, дрожжи хлебопекарные', 'Выводы о продукте сделаны на основании информации, указанной на упаковке товара от 22.10.2021 года', '280', '7.5', '3.0', '54.0', NULL, NULL, NULL, 11, 10, '2021-10-28 18:30:54', '2021-10-28 18:30:54', 13),
(341, 46, 'Хлеб минский энержи Восход', NULL, '20211028_Хлеб минский энержи Восход.jpg', 'АО \"Хлебообъединение \"Восход\"', 'Мука пшеничная хлебопекарная первого сорта, мука ржаная хлебопекарная обдирная, вода питьевая, сахар, картофельные хлопья, солод ржаной ферментированный, патока, соль поваренная пищевая, тмин, дрожжи хлебопекарные прессованные', 'Выводы о продукте сделаны на основании информации, указанной на упаковке товара от 22.10.2021 года', '240', '7.0', '1.0', '50.0', NULL, NULL, NULL, 11, 10, '2021-10-28 18:31:52', '2021-10-28 18:31:52', 13),
(342, 46, 'Хлеб богатырский с семенами тыквы Лента', NULL, '20211028_Хлеб богатырский с семенами тыквы Лента.jpg', 'АО \"Хлебообъединение \"Восход\"', 'Мука ржаная хлебопекарная обдирная, вода питьевая, мука пшеничная хлебопекарная первого сорта, семя тыквы, зерно ржи плющеное, сахар, семя льна, солодовый экстракт (ячмень, вода), соль пищевая, дрожжи хлебопекарные прессованные', NULL, '270', '9.5', '6.5', '41.5', NULL, NULL, NULL, 25, 10, '2021-10-28 18:32:54', '2021-10-28 18:32:54', 13),
(343, 46, 'Хлеб яблочное удовольствие вес контроль Инской', NULL, '20211028_Хлеб яблочное удовольствие вес контроль Инской .jpg', 'ЗАО \"Хлебокомбинат \"Инской\"', 'Мука пшеничная хлебопекарная первого сорта, вода питьевая, мука ржаная обдирная, яблоко сушеное резанное, сироп сахарный, сахар белый, солод ржаной дробленый, солодовый экстракт (ячмень осолодованный, вода), комплексная пищевая добавка для приготовления ржаных и ржано-пшеничных хлебобулочных изделий (вода, мука ржаная цельнозерновая, регулятор кислотности Е270, соль, регулятор кислотности Е260, дистиллят ржаной очищенный (0,7%), экстракт ячменный солодовый), соль пищевая, дрожжи хлебопекарные, корица молотая', 'Выводы о продукте сделаны на основании информации, указанной на упаковке товара от 22.10.2021 года', '260', '7.0', '1.5', '54.0', NULL, NULL, NULL, 10, 10, '2021-10-28 18:35:07', '2021-10-28 18:35:07', 13),
(344, 46, 'Батон киевский Восход', NULL, '20211028_Батон киевский Восход.jpg', 'АО \"Хлебообъединение \"Восход\"', 'Мука пшеничная хлебопекарная высшего сорта, вода питьевая, сахар, маргарин (рафинированные дезодорированные растительные масла в натуральном и модифицированном виде: подсолнечное масло, пальмовое масло, вода, эмульгаторы: моно- и диглицериды жирных кислот, соевый лецитин, соль поваренная пищевая, ароматизатор, краситель: каротины, регулятор кислотности лимонная кислота), дрожжи хлебопекарные прессованные, соль поваренная пищевая', 'Выводы о продукте сделаны на основании информации, указанной на упаковке товара от 22.10.2021 года', '280', '9.5', '2.5', '54.0', NULL, NULL, NULL, 10, 10, '2021-10-28 18:36:26', '2021-10-28 18:36:26', 13),
(345, 46, 'Хлеб сибирский Инской', NULL, '20211028_Хлеб сибирский Инской.jpg', 'ЗАО \"Хлебокомбинат \"Инской\"', 'Мука пшеничная первого сорта, вода питьевая, сахар-песок, масло подсолнечное, соль поваренная пищевая, дрожжи хлебопекарные, улучшитель хлебопекарный (пшеничная мука, стабилизатор: карбонат кальция, антиокислитель: аскорбиновая кислота, технологические вспомогательные средства: ферменты (амилазы и гемицеллюлазы), кислота лимонная)', 'Выводы о продукте сделаны на основании информации, указанной на упаковке товара от 22.10.2021 года', '270', '8.0', '2.5', '53.0', NULL, NULL, NULL, 10, 10, '2021-10-28 18:51:26', '2021-10-28 18:51:26', 13),
(346, 46, 'Хлеб целебный Инской', NULL, '20211028_Хлеб целебный Инской.jpg', 'ЗАО \"Хлебокомбинат \"Инской\"', 'Мука пшеничная хлебопекарная первого сорта, вода питьевая, мука ржаная хлебопекарная обдирная, солод ржаной ферментированный, семя льна, дрожжи хлебопекарные, масло подсолнечное, соль пищева, кориандр, улучшитель хлебопекарный (пшеничная мука, стабилизатор: карбонат кальция, антиокислитель: аскорбиновая кислота, технологические вспомогательные средства: ферменты (амилазы и гемицеллюлазы), кислота лимонная)', 'Выводы о продукте сделаны на основании информации, указанной на упаковке товара от 22.10.2021 года', '260', '8.5', '3.0', '49.0', NULL, NULL, NULL, 10, 10, '2021-10-28 18:52:36', '2021-10-28 18:52:36', 13),
(347, 46, 'Хлеб пшенично-отрубной Инской', NULL, '20211028_Хлеб пшенично-отрубной Инской.jpg', 'ЗАО \"Хлебокомбинат \"Инской\"', 'Мука пшеничная хлебопекарная высшего сорта, вода питьевая, отруби пшеничные, сахар белый, соль пищевая, дрожжи хлебопекарные, масло подсолнечное, улучшитель хлебопекарный (пшеничная мука, стабилизатор: карбонат кальция, антиокислитель: аскорбиновая кислота, технологические вспомогательные средства средства: ферменты (амилазы и гемицеллюлазы), кислота лимонная', 'Выводы о продукте сделаны на основании информации, указанной на упаковке товара от 22.10.2021 года', '250', '8.0', '1.5', '50.0', NULL, NULL, NULL, 10, 10, '2021-10-28 18:53:41', '2021-10-28 18:53:41', 13),
(348, 46, 'Хлеб сибирский Кузьминка', NULL, '20211028_Хлеб сибирский Кузьминка.jpg', 'ООО \"Комбинат пищевых продуктов \"Кузьминка\"', 'Мука пшеничная хлебопекарная второго сорта, мука пшеничная хлебопекарная первого сорта, мука ржаная хлебопекарная обдирная, вода питьевая, соль поваренная пищевая, сахар-песок, дрожжи хлебопекарные прессованные', NULL, '260', '9.0', '0.5', '55.0', NULL, NULL, NULL, 25, 10, '2021-10-28 18:55:44', '2021-10-28 18:55:44', 13),
(349, 46, 'Хлеб матнакаш Хлебозавод №4', NULL, '20211028_Хлеб матнакаш Хлебозавод №4.jpg', 'ООО \"Хлебозавод №4\"', 'Мука пшеничная хлебопекарная в/с, вода питьвеая, дрожжи прессованные хлебопекарные, соль пищевая, сахар-песок', 'Выводы о продукте сделаны на основании информации, указанной на упаковке товара от 22.10.2021 года', '240', '8.0', '0.8', '50.0', NULL, NULL, NULL, 11, 10, '2021-10-28 18:56:49', '2021-10-28 18:56:49', 13),
(350, 46, 'Хлеб пшеничный 365 дней', NULL, '20211028_Хлеб пшеничный 365 дней.jpg', 'АО \"Хлебообъединение \"Восход\"', 'Мука пшеничная хлебопекарная первого сорта, вода питьевая, соль поваренная пищевая, дрожжи хлебопекарные прессованные', NULL, '240', '8.0', '1.0', '48.0', NULL, NULL, NULL, 12, 10, '2021-10-28 18:58:49', '2021-10-28 18:58:49', 13),
(351, 46, 'Хлеб белый из пшеничной муки первого сорта 365 дней', NULL, '20211028_Хлеб белый из пшеничной муки первого сорта 365 дней.jpg', 'ЗАО \"Хлебокомбинат \"Инской\"', 'Мука пшеничная хлебопекарная первого сорта, вода питьевая, соль поваренная пищевая, дрожжи хлебопекарные', NULL, '250', '8.0', '1.0', '50.0', NULL, NULL, NULL, 12, 10, '2021-10-28 19:00:24', '2021-10-28 19:00:24', 13),
(352, 46, 'Хлеб классический Справедливая цена', NULL, '20211028_Хлеб классический Справедливая цена.jpg', 'АО \"Хлебообъединение \"Восход\"', 'Мука пшеничная хлебопекарная первого сорта, вода питьевая, мука пшеничная хлебопекарная второго сорта, дрожжи хлебопекарные прессованные; соль поваренная пищевая', NULL, '240', '8.0', '1.0', '49.0', NULL, NULL, NULL, 12, 10, '2021-10-28 19:01:25', '2021-10-28 19:01:25', 13),
(353, 46, 'Хлеб пшеничный из муки первого сорта Хлебозавод №4', NULL, '20211028_Хлеб пшеничный из муки первого сорта Хлебозавод №4.jpg', 'ООО \"Хлебозавод №4\"', 'Мука пшеничная хлебопекарная 1/с, вода питьевая, соль пищевая, дрожжи прессованные хлебопекарные', NULL, '240', '7.0', '1.0', '50.0', NULL, NULL, NULL, 12, 10, '2021-10-28 19:02:48', '2021-10-28 19:02:48', 13),
(354, 46, 'Хлеб крестьянский Хлебозавод №4', NULL, '20211028_Хлеб крестьянский Хлебозавод №4.jpg', 'ООО \"Хлебозавод №4\"', 'Мука пшеничная хлебопекарная 1/с, вода питьевая, соль пищевая, дрожжи прессованные хлебопекарные, сахар-песок', NULL, '220', '7.5', '0.5', '46.0', NULL, NULL, NULL, 25, 10, '2021-10-28 19:03:45', '2021-10-28 19:03:45', 13),
(355, 46, 'Батон отрубной Хлебозавод №4', NULL, '20211028_Батон отрубной Хлебозавод №4.jpg', 'ООО \"Хлебозавод №4\"', 'Мука пшеничная хлебопекарная в/с, вода питьевая, отруби пшеничные пищевые, сахар-песок, соль пищевая, дрожжи поваренные хлебопекарные, масло подсолнечное', 'Выводы о продукте сделаны на основании информации, указанной на упаковке товара от 22.10.2021 года', '230', '8.0', '2.5', '44.0', NULL, NULL, NULL, 11, 10, '2021-10-28 19:05:01', '2021-10-28 19:05:01', 13),
(356, 46, 'Батон любимый Восход', NULL, '20211028_Батон любимый Восход.jpg', 'АО \"Хлебообъединение \"Восход\"', 'Мука пшеничная хлебопекарная высшего сорта, вода питьевая, дрожжи хлебопекарные прессованные, соль поваренная пищевая, сахар', 'Выводы о продукте сделаны на основании информации, указанной на упаковке товара от 22.10.2021 года', '240', '8.0', '1.0', '50.0', NULL, NULL, NULL, 11, 10, '2021-10-28 19:06:53', '2021-10-28 19:06:53', 13),
(357, 46, 'Батон особый Хлебозавод №4', NULL, '20211028_Батон особый Хлебозавод №4.jpg', 'ООО \"Хлебозавод №4\"', 'Мука пшеничная хлебопекарная в/с, вода питьевая, дрожжи прессованные хлебопекарные, сахар-песок, маргарин молочный Н (высококачественные растительные масла, вода, эмульгаторы (моноглицериды, лецитин), регулятор кислотности (лимонная кислота), ароматизатор, краситель (B-каротин)), соль пищевая', 'Выводы о продукте сделаны на основании информации, указанной на упаковке товара от 22.10.2021 года', '240', '8.0', '1.0', '50.0', NULL, NULL, NULL, 10, 10, '2021-10-28 19:10:12', '2021-10-28 19:10:12', 13),
(358, 46, 'Хлеб pan rustico Schär', NULL, '20211028_Хлеб pan rustico Schär.jpg', 'Dr. Schär AG/SPA', 'Вода питьевая, крахмал кукурузный, закваска (вода питьевая, мука рисовая), мука рисовая, пищевые волокна подорожника, лимона и лайма; соевые хлопья, семена льна, загуститель гидроксипропилметилцеллюлоза, масло подсолнечное, соевый белок, дрожжи, экстракт яблока, пшеные хлопья, соль, мука сорговая, сахар, натуральный ароматизатор. \r\nВозможно наличие следов люпина и горчицы.', 'Выводы о продукте сделаны на основании информации, указанной на упаковке товара от 22.10.2021 года', '226', '2.4', '3.8', '44.0', '6.3', NULL, NULL, 10, 10, '2021-10-28 19:13:18', '2021-10-28 19:13:18', 13),
(359, 46, 'Хлеб матнакаш Хлебодар', NULL, '20211028_Хлеб матнакаш Хлебодар.jpg', 'ООО Компания «Хлебодар»', 'Мука пшеничная хлебопекарная первого сорта, вода питьевая, соль поваренная пищевая, дрожжи прессованные хлебопекарные, сахар', NULL, '236', '7.9', '1.0', '47.6', NULL, NULL, NULL, 25, 10, '2021-10-28 19:19:36', '2021-10-28 19:19:36', 13),
(360, 46, 'Батон нарезной Моя цена русич', NULL, '20211028_Батон нарезной Моя цена русич.jpg', 'АО «ТАНДЕР»', 'Мука пшеничная хлебопекарная высшего сорта, вода питьевая, сахар, масло подсолнечное рафинированное дезодорированное, дрожжи хлебопекарные прессованные, соль пищевая', 'Выводы о продукте сделаны на основании информации, указанной на упаковке товара от 22.10.2021 года', '280', '9.5', '2.5', '54.0', NULL, NULL, NULL, 11, 10, '2021-10-28 19:21:06', '2021-10-28 19:21:06', 13),
(361, 46, 'Батон нарезной Хлебобулочная компания', NULL, '20211028_Батон нарезной Хлебобулочная компания.jpg', 'ООО «Хлебобулочная компания»', 'Мука пшеничная хлебопекарная в/сорта, вода питьевая, соль поваренная пищевая, дрожжи хлебопекарные, сахар, маргарин', 'Выводы о продукте сделаны на основании информации, указанной на упаковке товара от 22.10.2021 года', '210', '7.0', '1.0', '46.0', NULL, NULL, NULL, 10, 10, '2021-10-28 19:22:30', '2021-10-28 19:22:30', 13),
(362, 46, 'Булочка для гамбургера Восход', NULL, '20211028_Булочка для гамбургера Восход.jpg', 'АО «Хлебообъединение «Восход»', 'Мука пшеничная хлебопекарная высшего сорта, вода питьевая, сахар, маргарин (рафинированные дезодорированные растительные масла в натуральном и модифицированном виде: подсолнечное масло, пальмовое масло, вода, эмульгаторы: моно- и диглицериды жирных кислот, соевый лецитин, соль поваренная пищевая, ароматизатор, краситель: каротины, регулятор кислотности лимонная кислота), дрожжи хлебопекарные прессованные, семя кунжута, соль поваренная пищевая, улучшитель хлебопекарный (мука соевая, эмульгаторы: Е471, Е472, мука пшеничная, антиокислитель аскорбиновая кислота, ферменты, сахарная пудра)', 'Выводы о продукте сделаны на основании информации, указанной на упаковке товара от 22.10.2021 года', '320', '8.5', '5.5', '57.0', NULL, NULL, NULL, 10, 10, '2021-10-28 19:24:25', '2021-10-28 19:24:25', 13),
(363, 46, 'Хлеб летний в нарезке Хлебодар', NULL, '20211028_Хлеб летний в нарезке Хлебодар.jpg', 'ООО Компания «Хлебодар»', 'Мука пшеничная хлебопекарная высшего сорта, вода питьевая, соль поваренная пищевая, дрожжи прессованные хлебопекарные, сахар-песок, масло подсолнечное рафинированное дезодорированное, семя кунжута', 'Выводы о продукте сделаны на основании информации, указанной на упаковке товара от 22.10.2021 года', '280', '8.5', '4.0', '51.0', NULL, NULL, NULL, 11, 10, '2021-10-28 19:26:35', '2021-10-28 19:26:35', 13),
(364, 46, 'Хлеб амстердамский новый в нарезке Хлебодар', NULL, '20211028_Хлеб амстердамский новый в нарезке Хлебодар .jpg', 'ООО Компания «Хлебодар»', 'Мука пшеничная хлебопекарная высшего сорта, вода питьевая, маргарин (рафинированные дезодорированные масла (подсолнечное масло, пальмовое масло), вода питьевая, эмульгаторы (Е471, Е322), соль поваренная пищевая, ароматизатор, краситель Е160а, регулятор кислотности, лимонная кислота, соевый лецитин), сахар-песок, соль поваренная пищевая, дрожжи хлебопекарные прессованные', 'Выводы о продукте сделаны на основании информации, указанной на упаковке товара от 22.10.2021 года', '340', '10.0', '7.5', '59.0', NULL, NULL, NULL, 10, 10, '2021-10-28 19:29:11', '2021-10-28 19:29:11', 13),
(365, 46, 'Хлеб дарницкий в нарезке Хлебодар', NULL, '20211028_Хлеб дарницкий в нарезке Хлебодар.jpg', 'ООО Компания \"ХЛЕБОДАР\"', 'Мука ржаная обдирная, мука пшеничная хлебопекарная первого сорта, вода питьевая, соль пищевая поваренная, дрожжи прессованные хлебопекарные', NULL, '206', '6.6', '1.1', '41.0', NULL, NULL, NULL, 12, 10, '2021-10-28 19:32:40', '2021-10-28 19:32:40', 13),
(366, 46, 'Хлеб пшеничный Хлебобулочная компания', NULL, '20211028_Хлеб пшеничный Хлебобулочная компания.jpg', 'ООО «Хлебобулочная компания»', 'Мука пшеничная хлебопекарная 1 сорта, вода питьевая, соль поваренная пищевая, дрожжи хлебопекарные', NULL, '230', '7.5', '1.0', '46.0', NULL, NULL, NULL, 12, 10, '2021-10-28 19:33:50', '2021-10-28 19:33:50', 13),
(367, 46, 'Хлеб тостовый Колос', NULL, '20211028_Хлеб тостовый Колос.jpg', 'ИП Давидян П. В.', 'Мука пшеничная хлебопекарная высшего сорта, вода питьевая, сыворотка творожная, соль поваренная пищевая, дрожжи хлебопекарные', 'Выводы о продукте сделаны на основании информации, указанной на упаковке товара от 22.10.2021 года', '208', '7.0', '1.0', '44.0', NULL, NULL, NULL, 11, 10, '2021-10-28 19:36:11', '2021-10-28 19:36:11', 13),
(368, 46, 'Хлеб матнакаш Колос', NULL, '20211028_Хлеб матнакаш Колос.jpg', 'ИП Давидян П. В.', 'Мука пшеничная хлебопекарная высшего сорта, вода питьевая, дрожжи хлебопекарные, соль поваренная пищевая', 'Выводы о продукте сделаны на основании информации, указанной на упаковке товара от 22.10.2021 года', '294', '8.9', '1.4', '60.4', NULL, NULL, NULL, 11, 10, '2021-10-28 19:37:51', '2021-10-28 19:37:51', 13),
(369, 46, 'Батон особый Хлебодар', NULL, '20211028_Батон особый Хлебодар.jpg', 'ООО «Хлебодар»', 'Мука пшеничная хлебопекарная высшего сорта, вода питьевая, соль поваренная пищевая, дрожжи прессованные хлебопекарные, сахар', 'Выводы о продукте сделаны на основании информации, указанной на упаковке товара от 22.10.2021 года', '226', '8.97', '0.98', '59.9', NULL, NULL, NULL, 11, 10, '2021-10-28 19:41:50', '2021-10-28 19:41:50', 13),
(370, 46, 'Хлеб изи-карелия Хлебобулочная компания', NULL, '20211028_Хлеб изи-карелия Хлебобулочная компания.jpg', 'ООО «Хлебобулочная компания»', 'Мука пшеничная хлебопекарная 1 сорта, мука ржаная хлебопекарная обдирная, вода питьевая, соль поваренная пищевая, сахар, солод, дрожжи хлебопекарные, смесь «Изи-Карелия», кориандр', NULL, '155', '5.0', '0.5', '32.0', NULL, NULL, NULL, 25, 10, '2021-10-28 19:44:02', '2021-10-28 19:44:02', 13),
(371, 46, 'Хлеб ржано-пшеничный бородинский улучшенный Восход', NULL, '20211028_Хлеб ржано-пшеничный бородинский улучшенный Восход.jpg', 'АО \"Хлебообъединение \"Восход\"', 'Мука ржаная хлебопекарная обдирная, вода питьевая, мука пшеничная хлебопекарная второго сорта, сахар, солод ржаной ферментированный, патока, соль пищевая, кориандр', NULL, NULL, NULL, '1.0', '46.0', NULL, NULL, NULL, 12, 10, '2021-10-28 19:45:56', '2021-10-28 19:45:56', 13),
(372, 46, 'Хлеб киевский новый в нарезке Хлебодар', NULL, '20211028_Хлеб киевский новый в нарезке Хлебодар .jpg', 'ООО Компания «Хлебодар»', 'Мука пшеничная хлебопекарная первого сорта, мука ржаная обдирная, вода питьевая, дрожжи прессованные хлебопекарные, солод ржаной ферментированный, соль пищевая поваренная, сахар-песок, тмин', NULL, '240', '5.5', '1.9', '49.0', NULL, NULL, NULL, 25, 10, '2021-10-28 19:47:48', '2021-10-28 19:47:48', 13),
(373, 46, 'Хлеб полезный Кузьминка', NULL, '20211028_Хлеб полезный Кузьминка.jpg', 'ООО «Комбинат пищевых продуктов «Кузьминка»', 'Мука пшеничная хлебопекарная первого сорта, вода питьевая, семена подсолнечника, семена льна, семена кунжута, геркулес, соль поваренная пищевая, дрожжи хлебопекарные прессованные, сахар-песок, тмин', NULL, '310', '12.0', '3.0', '58.0', NULL, NULL, NULL, 25, 10, '2021-10-28 19:55:11', '2021-10-28 19:55:11', 13),
(374, 46, 'Хлеб подсолнечный Кузьминка', NULL, '20211028_Хлеб подсолнечный Кузьминка.jpg', 'ООО «Комбинат пищевых продуктов «Кузьминка»', 'Мука ржаная хлебопекарная обдирная, мука пшеничная хлебопекарная первого сорта, вода питьевая, семена подсолнечника, сахар, солод ржаной ферментированный, соль поваренная пищевая, дрожжи хлебопекарные прессованные, кориандр', NULL, '300', '9.5', '7.0', '51.0', NULL, NULL, NULL, 25, 10, '2021-10-28 19:57:20', '2021-10-28 19:57:20', 13),
(375, 46, 'Хлеб дарницкий новый Восход', NULL, '20211028_Хлеб дарницкий новый Восход .jpg', 'АО «Хлебообъединение «Восход»', 'Мука ржаная хлебопекарная обдирная, вода питьевая, мука пшеничная хлебопекарная второго сорта, соль поваренная пищевая', NULL, '230', '7.5', '1.5', '47.0', NULL, NULL, NULL, 12, 10, '2021-10-28 19:59:23', '2021-10-28 19:59:23', 13),
(376, 46, 'Хлеб ржаной с солодом святозар юбилейный Житница', NULL, '20211028_zaglushka.jpg', 'ООО \"Аврора\"', 'Мука ржаная, закваска (мука ржаная, вода), солод ржаной ферментированный, сахар, тмин, соль поваренная пищевая, вода питьевая', NULL, '220', '7.8', '2.9', '42.0', NULL, NULL, NULL, 25, 10, '2021-10-28 20:00:13', '2021-10-28 20:00:13', 13);
INSERT INTO `products` (`id`, `category_id`, `nameProduct`, `dopOpisanie`, `imgProduct`, `proizvoditel`, `sostav`, `nezhelDobavki`, `kkal`, `belki`, `zhir`, `uglevodi`, `sahar`, `kletchatka`, `shtrihkod`, `vivod_id`, `add_user_id`, `created_at`, `updated_at`, `status_id`) VALUES
(377, 46, 'Хлеб энержи белорусский в нарезке Восход', NULL, '20211028_zaglushka.jpg', 'АО \"Хлебообъединение \"Восход\"', 'Мука пшеничная хлебопекарная первого сорта, мука ржаная хлебопекарная обдирная, вода питьевая, сахар, картофельные хлопья, солод ржаной ферментированный, патока, соль пищевая, тмин, дрожжи хлебопекарные прессованные', 'Выводы о продукте сделаны на основании информации, указанной на упаковке товара от 22.10.2021 года', '240', '7.0', '1.0', '50.0', NULL, NULL, NULL, 11, 10, '2021-10-28 20:01:54', '2021-10-28 20:01:54', 13),
(378, 46, 'Хлеб энержи многозерновой в нарезке Восход', NULL, '20211028_Хлеб энержи многозерновой в нарезке Восход .jpg', 'АО \"Хлебообъединение \"Восход\"', 'Мука ржаная хлебопекарная обдирная, вода питьевая, мука пшеничная хлебопекарная первого сорта, зерно ржи резаное, семя подсолнечника, сахар, семя кунжута, солодовый экстракт (ячмень, вода), соль пищевая, дрожжи хлебопекарные прессованные', NULL, '260', '8.0', '5.0', '42.5', NULL, NULL, NULL, 25, 10, '2021-10-28 20:04:33', '2021-10-28 20:04:33', 13),
(379, 46, 'Хлеб деревенский Восход', NULL, '20211028_Хлеб деревенский Восход .jpg', 'АО \"Хлебообъединение \"Восход\"', 'Мука пшеничная хлебопекарная первого сорта, вода питьевая, семя подсолнечника, семя кунжута, дрожжи хлебопекарные прессованные, сахар, масло подсолнечное рафинированное дезодорированное, соль поваренная пищевая, солодовый экстракт (ячмень, вода)', NULL, '290', '10.0', '7.5', '45.0', NULL, NULL, NULL, 25, 10, '2021-10-28 20:06:10', '2021-10-28 20:06:10', 13),
(380, 46, 'Хлеб живой с отрубями Восход', NULL, '20211028_Хлеб живой с отрубями Восход .jpg', 'АО \"Хлебообъединение \"Восход\"', 'Мука пшеничная хлебопекарная первого сорта, вода питьевая, отруби пшеничные пищевые, дрожжи хлебопекарные прессованные, соль поваренная пищевая, масло подсолнечное, улучшитель хлебопекарный (солод пшеничный, загуститель Е466, мука пшеничная, эмульгатор Е472е, ферменты, антиокислитель аскорбиновая кислота)', 'Выводы о продукте сделаны на основании информации, указанной на упаковке товара от 22.10.2021 года', '230', '9.0', '2.0', '43.5', NULL, NULL, NULL, 10, 10, '2021-10-28 20:07:33', '2021-10-28 20:07:33', 13),
(381, 46, 'Хлеб живой полезный в нарезке Восход', NULL, '20211028_zaglushka.jpg', 'АО \"Хлебообъединение \"Восход\"', 'Мука пшеничная хлебопекарная первого сорта, вода питьевая, зерно ржи резанное, отруби пшеничные пищевые, дрожжи хлебопекарные прессованные, масло подсолнечное, соль пищевая, сахар', NULL, '250', '8.0', '2.5', '49.0', NULL, NULL, NULL, 25, 10, '2021-10-28 20:09:13', '2021-10-28 20:09:13', 13),
(382, 46, 'Хлеб тостовый в нарезке Восход', NULL, '20211028_Хлеб тостовый в нарезке Восход .jpg', 'АО \"Хлебообъединение \"Восход\"', 'Мука пшеничная хлебопекарная высшего сорта, вода питьевая, маргарин (рафинированные дезодорированные растительные масла в натуральном и модифицированном виде (подсолнечное, пальмовое), вода, эмульгаторы (мно- и диглицериды жирных кислот, соевый лецитин), соль пищевая, ароматизатор, краситель (каротины), регулятор кислотности - лимонная кислота), соль пищевая, сахар, молоко сухое обезжиренное, дрожжи сухие инстантные (дрожжи Saccharomyces cerevisiae), эмульгатор - сорбитан моностеарат), улучшитель хлебопекарный (мука пшениячная, эмульгатор Е481, мука соевая, антиокислитель - аскорбиновая кислота, ферменты)', 'Выводы о продукте сделаны на основании информации, указанной на упаковке товара от 22.10.2021 года', NULL, NULL, NULL, NULL, NULL, NULL, NULL, 10, 10, '2021-10-28 20:10:43', '2021-10-28 20:10:43', 13),
(383, 44, 'Сыр фасованный российский Сыробогатов', '50%', '20211031_Сыр фасованный российский Сыробогатов.jpg', 'ООО \"Первая линия\"', 'Нормализованное пастеризованное молоко, поваренная пищевая соль, уплотнитель хлорид кальция, молокосвертывающий ферментный препарат микробного происхождения, закваска мезофильных и термофильных молочнокислых  микроорганизмов, краситель Аннато, ферментный препарат природного происхождения Лизоцим (из белка куриных яиц)', NULL, '354', '24.5', '28.5', '0', NULL, NULL, '4670008566530', 12, 14, '2021-10-31 09:13:09', '2021-11-08 16:08:35', 13),
(384, 41, 'Сосиски тест', '421', '20211108_Сосиски eat meat МПК Атяшевский.jpg', 'ромашка', '123', 'упд', '1', '2', '3', '4', '6', '7', '243576789', 10, 14, '2021-11-08 16:01:07', '2021-11-08 16:01:37', 13),
(385, 41, 'сосиски тест 2', '244', '20211108_Сосиски баварские с сыром Великолукский мясокомбинат.jpg', 'шпунька', 'фр', '25', '1', '2', '3', '4', '5', '7', '7980865432', 12, 14, '2021-11-08 16:04:24', '2021-11-11 18:22:40', 15),
(386, 41, 'сосиски тест 3', '2434ке', '20211111_zaglushka.jpg', 'коровка', 'пунь', '235', '1', '3', '4', '5', '7', '9', '1243567980', 11, 14, '2021-11-08 16:05:15', '2021-11-11 18:14:37', 13);

-- --------------------------------------------------------

--
-- Структура таблицы `roles`
--
-- Создание: Ноя 03 2021 г., 05:01
--

DROP TABLE IF EXISTS `roles`;
CREATE TABLE `roles` (
  `id` int(11) NOT NULL,
  `name` varchar(50) DEFAULT NULL
) ENGINE=InnoDB DEFAULT CHARSET=utf8;

--
-- Дамп данных таблицы `roles`
--

INSERT INTO `roles` (`id`, `name`) VALUES
(1, 'Супер Админ'),
(2, 'Админ'),
(3, 'Пользователь');

-- --------------------------------------------------------

--
-- Структура таблицы `statuses`
--
-- Создание: Окт 18 2021 г., 09:54
--

DROP TABLE IF EXISTS `statuses`;
CREATE TABLE `statuses` (
  `id` int(11) NOT NULL,
  `name` varchar(50) DEFAULT NULL,
  `icon` varchar(255) DEFAULT NULL,
  `order_item` varchar(255) DEFAULT NULL,
  `catalog_id` int(11) DEFAULT NULL
) ENGINE=InnoDB AVG_ROW_LENGTH=1489 DEFAULT CHARSET=utf8;

--
-- Дамп данных таблицы `statuses`
--

INSERT INTO `statuses` (`id`, `name`, `icon`, `order_item`, `catalog_id`) VALUES
(4, 'Сахар', '20211108_sahar.png', '1', 1),
(5, 'Нельзя нагревать', '20211108_ne_nagrevat.png', '1', 1),
(7, 'Spar (Спар)', NULL, '1', 2),
(8, 'Ярче', NULL, '1', 2),
(9, 'Абрикос', NULL, '1', 2),
(10, 'Не рекомендую', '20211013_icon-red.png', '1', 3),
(11, 'Состав с замечаниями', '20211013_icon-yellow.png', '1', 3),
(12, 'Хороший состав', '20211013_icon-green.png', '1', 3),
(13, 'Опубликованные', 'fas fa-check text-success', 'Опубликовано', 4),
(14, 'На утверждение', 'fas fa-spinner text-info', 'На утверждение', 4),
(15, 'Черновики', 'fas  fa-file text-warning', 'Черновик', 4),
(16, 'Корзина', 'fas fa-trash text-danger', 'Корзина', 4),
(20, 'Магнит', NULL, NULL, 2),
(22, 'Пятерочка', NULL, NULL, 2),
(23, 'Лента', NULL, NULL, 2),
(24, 'Фуд-сити (F-City)', NULL, NULL, 2),
(25, 'Хороший состав, но с сахаром', '20211013_icon-green-sugar.png', NULL, 3),
(26, 'Мария-Ра', NULL, NULL, 2),
(27, 'Есть замечания', '20211020_icon-yellow.png', '1', 3),
(28, 'Консерванты', '20211108_konservanty.png', NULL, 1),
(29, 'Усилитель вкуса', '20211108_usiliteli.png', NULL, 1),
(30, 'Ашан', NULL, NULL, 2),
(31, 'Озон', NULL, NULL, 2),
(32, 'Красители', '20211108_krasitel.png', NULL, 1),
(33, 'Быстроном', NULL, NULL, 2),
(34, 'Вкусвилл', NULL, NULL, 2),
(35, 'Стабилизаторы', '20211108_stabilizator.png', NULL, 1),
(36, 'Крахмал', '20211108_krahmal.png', NULL, 1);

-- --------------------------------------------------------

--
-- Структура таблицы `status_catalog`
--
-- Создание: Сен 30 2021 г., 03:43
--

DROP TABLE IF EXISTS `status_catalog`;
CREATE TABLE `status_catalog` (
  `id` int(11) NOT NULL,
  `name` varchar(50) DEFAULT NULL
) ENGINE=InnoDB AVG_ROW_LENGTH=5461 DEFAULT CHARSET=utf8;

--
-- Дамп данных таблицы `status_catalog`
--

INSERT INTO `status_catalog` (`id`, `name`) VALUES
(1, 'Качества'),
(2, 'Где купить'),
(3, 'Вывод'),
(4, 'Статусы продуктов');

-- --------------------------------------------------------

--
-- Структура таблицы `users`
--
-- Создание: Ноя 03 2021 г., 05:02
-- Последнее обновление: Ноя 15 2021 г., 17:31
--

DROP TABLE IF EXISTS `users`;
CREATE TABLE `users` (
  `id` bigint(20) UNSIGNED NOT NULL,
  `name` varchar(255) COLLATE utf8mb4_unicode_ci DEFAULT NULL,
  `surname` varchar(255) COLLATE utf8mb4_unicode_ci DEFAULT NULL,
  `email` varchar(255) COLLATE utf8mb4_unicode_ci NOT NULL,
  `password` varchar(255) COLLATE utf8mb4_unicode_ci NOT NULL,
  `tel` varchar(255) COLLATE utf8mb4_unicode_ci DEFAULT NULL,
  `email_verified_at` timestamp NULL DEFAULT NULL,
  `status` int(11) NOT NULL DEFAULT '1',
  `verified` int(11) NOT NULL DEFAULT '0',
  `role_id` int(11) NOT NULL DEFAULT '3',
  `created_at` timestamp NULL DEFAULT NULL,
  `updated_at` timestamp NULL DEFAULT NULL
) ENGINE=InnoDB AVG_ROW_LENGTH=8192 DEFAULT CHARSET=utf8mb4 COLLATE=utf8mb4_unicode_ci;

--
-- Дамп данных таблицы `users`
--

INSERT INTO `users` (`id`, `name`, `surname`, `email`, `password`, `tel`, `email_verified_at`, `status`, `verified`, `role_id`, `created_at`, `updated_at`) VALUES
(3, 'Jamshed', 'werfwef', 'isjm95@gmail.com', '$2y$10$tn7BsfNe/.hTWOg8BmVP1.Oy.SMiZgoTL0nlHzbwrKwzBIKEb7MJ.', '+992928888888', NULL, 1, 1, 3, '2021-09-29 03:41:25', '2021-09-30 05:27:12'),
(7, NULL, NULL, 'jamshed@mail.ru', '', NULL, NULL, 1, 1, 3, '2021-09-29 20:42:29', '2021-09-29 20:42:29'),
(8, NULL, NULL, 'morgaN7@gmail.com', '$2y$10$uq6ABVE/sJJllxM3h.6l8.6.V1.6dLjDo8AaOR2KjX14pJLYHIQF2', NULL, NULL, 1, 1, 1, '2021-09-30 05:19:23', '2021-09-30 05:28:38'),
(9, NULL, NULL, 'isoboev.jamshed95@gmail.com', '$2y$10$Av2jDIHaXrtN10yV65uGQeOI7j6nlieZt2tl5fYlauLi2KiXwiFje', NULL, NULL, 1, 1, 3, '2021-09-30 06:33:02', '2021-11-15 19:31:48'),
(10, NULL, NULL, 'admin@artean.ru', '$2y$10$LR1FthzZjrUQV42G8kM54O2.xiX5bnUSKXz7c.0Due5fFiRBBjv1i', NULL, NULL, 1, 1, 3, '2021-09-30 12:36:59', '2021-11-03 17:00:28'),
(11, NULL, NULL, 'jm@mail.ru', '$2y$10$yNc0pbalpyD.V/pXyOAP4eqYBPxPYvE9HbSG1bHj.diADNPj9baN6', NULL, NULL, 1, 1, 3, '2021-10-05 12:17:58', '2021-10-13 15:41:38'),
(12, NULL, NULL, 'obito2502@gmail.com', '$2y$10$BzU5Y3xnqGvm30cCeUhGi.wv9GIhk9jPWTv6Z.FwlQ.B2hknfSETi', NULL, NULL, 1, 1, 3, '2021-10-05 21:45:34', '2021-11-10 22:50:14'),
(13, NULL, NULL, 'obito22502@gmail.com', '$2y$10$uq6ABVE/sJJllxM3h.6l8.6.V1.6dLjDo8AaOR2KjX14pJLYHIQF2', NULL, NULL, 1, 1, 3, '2021-10-05 21:46:10', '2021-10-06 12:11:31'),
(14, NULL, NULL, 'sokharev.s@mail.ru', '$2y$10$63k51DdMXJm0pZPkQ5FLXu4pFlf4K17knCxQ4OfJGs8qTXs9vnCYC', NULL, NULL, 1, 1, 1, '2021-10-12 08:14:34', '2021-11-11 14:20:47'),
(15, NULL, NULL, 'Catttssscatttsss@mail.ru', '$2y$10$P3JhBCpA0FH4/hSvUFoDjuCwqMsEBDe5LikQ3xqn9acArINYmuKLq', NULL, NULL, 1, 1, 2, '2021-10-31 08:49:19', '2021-11-03 16:59:11'),
(20, NULL, NULL, 'obito@gmail.com', '$2y$10$9LibR4NjV.mUi261hpETPebJ010K8REClwiRehJ1PxU0rkMe3gCrW', NULL, NULL, 1, 0, 3, '2021-11-03 07:41:50', '2021-11-03 07:41:50'),
(22, NULL, NULL, 'sokhareva.na@mail.ru', '$2y$10$nV6gkGMNz8.ECcmX4HsI6u0lQBiVbc33Ia0GL55UKVcjyzWe9qhS6', NULL, NULL, 1, 1, 1, '2021-11-03 17:41:09', '2021-11-08 18:11:16'),
(23, NULL, NULL, 'sokharev@mail.ru', '$2y$10$aWGlUMDLywZVy4TgOK26fuTG.omk/9hfq2QGrcoqkCbVmIhDnXGlq', NULL, NULL, 1, 0, 3, '2021-11-04 17:15:38', '2021-11-04 17:15:38'),
(24, NULL, NULL, '1@mail.ru', '$2y$10$mfwHFNb6oSFI/r542jxoKOzQzm/h1.899Fiu3yQwtN8DEDTWZp33O', NULL, NULL, 1, 0, 3, '2021-11-04 18:15:56', '2021-11-04 18:15:56'),
(25, NULL, NULL, 'tima@mail.ru', '$2y$10$aTJA.pqMaCPGlHaodA3PaOOXBMDe9F0EzL10t8r6g0lVc6TnWsMoW', NULL, NULL, 1, 0, 3, '2021-11-04 21:54:56', '2021-11-04 21:54:56'),
(26, NULL, NULL, 'tima1@mail.ru', '$2y$10$XuZnqb0YWNlWCuus9p3xm.zfuoaaEoVYG2znt5/a7v6ED3ciuO9.C', NULL, NULL, 1, 0, 3, '2021-11-05 05:11:43', '2021-11-05 05:11:43'),
(27, NULL, NULL, 'test@mail.ru', '$2y$10$dSL863n2frJezAW5KLuqeOXBm.KPdBZRhuVaI9d2FZ3KEBwfCFJkG', NULL, NULL, 1, 0, 3, '2021-11-05 12:51:25', '2021-11-05 12:51:25'),
(28, NULL, NULL, 'test@test.ru', '$2y$10$KmR.jWBXH.Hcszumc0sju.Dm./6faqIPyj.0vgBUBUSTSRoInBjIy', NULL, NULL, 1, 0, 3, '2021-11-08 17:33:43', '2021-11-11 18:03:21'),
(29, NULL, NULL, 'sergey@sergey.ru', '$2y$10$zVwqjevLFrlFsMnvJRA3QOXXsaKQoURD7sjo/QOyvjNhSYfpx.z6K', NULL, NULL, 1, 0, 3, '2021-11-11 18:05:03', '2021-11-11 18:05:03'),
(30, NULL, NULL, 're@re.ru', '$2y$10$why2fZUA/8kJatnqdZcosuKqtgn81KVgFMRy3HkT8/7MTYlADY9Ja', NULL, NULL, 1, 0, 3, '2021-11-11 18:07:46', '2021-11-11 18:07:46');

-- --------------------------------------------------------

--
-- Структура таблицы `zayavki_na_razbor`
--
-- Создание: Сен 30 2021 г., 03:43
--

DROP TABLE IF EXISTS `zayavki_na_razbor`;
CREATE TABLE `zayavki_na_razbor` (
  `id` int(11) NOT NULL,
  `koment` text,
  `img1` text,
  `img2` text,
  `img3` text,
  `add_user_id` int(11) DEFAULT NULL,
  `status` int(11) DEFAULT '1',
  `created_at` timestamp NULL DEFAULT CURRENT_TIMESTAMP,
  `updated_at` timestamp NULL DEFAULT CURRENT_TIMESTAMP
) ENGINE=InnoDB AVG_ROW_LENGTH=16384 DEFAULT CHARSET=utf8;

--
-- Дамп данных таблицы `zayavki_na_razbor`
--

INSERT INTO `zayavki_na_razbor` (`id`, `koment`, `img1`, `img2`, `img3`, `add_user_id`, `status`, `created_at`, `updated_at`) VALUES
(1, 'Текст текст текст текст текст текст текст текст текст текст текст текст текст текст текст текст текст', 'ava1.png', 'ava2.png', NULL, NULL, 0, '2021-09-30 05:33:01', '2021-10-08 10:58:51'),
(2, 'new file here ksfjdlaksj dsflkjasdljf asdlf;k jsdl fj;alskdjf l', 'product_0810202126.png', 'product_0810262021.png', 'product_2608102021.png', 12, 1, '2021-10-08 16:09:26', '2021-10-08 16:09:26'),
(3, 'лучший коментарий для лучшего блюда и разбора', 'product_0810202144.jpg', 'product_0810442021.jpg', 'product_4408102021.jpg', 12, 1, '2021-10-08 20:30:44', '2021-10-08 20:30:44'),
(4, 'new file here ksfjdlaksj dsflkjasdljf asdlf;k jsdl fj;alskdjf l', 'product_0810202122.png', 'product_0810222021.png', 'product_2208102021.png', 12, 0, '2021-10-08 20:34:22', '2021-10-14 17:55:44'),
(5, 'yyytftxxtztuguffufufuffufujdjdjfjfufufufu', 'product_0311202155.jpg', 'product_0311552021.jpg', 'product_5503112021.jpg', 12, 1, '2021-11-03 08:35:55', '2021-11-03 08:35:55'),
(6, 'ррррртоооолплалаарашаашашпшешп', 'product_0311202155.jpg', 'product_0311552021.jpg', 'product_5503112021.jpg', 12, 1, '2021-11-03 10:44:55', '2021-11-03 10:44:55'),
(7, 'пталалалмлалплалалалкдкдкдклклалалплпжндлп', 'product_0811202119.jpg', 'product_0811192021.jpg', 'product_1908112021.jpg', 14, 1, '2021-11-08 16:22:19', '2021-11-08 16:22:19'),
(8, 'плалвлалалалалпдплпдпзадащащашщ', 'product_0811202118.jpg', 'product_0811182021.jpg', 'product_1808112021.jpg', 14, 1, '2021-11-08 16:23:18', '2021-11-08 16:23:18'),
(9, NULL, 'product_1011202142.jpg', 'product_1011422021.jpg', 'product_4210112021.jpg', 10, 1, '2021-11-10 13:06:42', '2021-11-10 13:06:42'),
(10, NULL, 'product_1111202110.jpg', 'product_1111102021.jpg', 'product_1011112021.jpg', 12, 1, '2021-11-10 22:49:10', '2021-11-10 22:49:10'),
(11, NULL, 'product_1111202148.jpg', 'product_1111482021.jpg', 'product_4811112021.jpg', 12, 1, '2021-11-10 22:51:48', '2021-11-10 22:51:48'),
(12, 'asfasf', 'product_1111202122.jpg', 'product_1111222021.jpg', 'product_2211112021.jpg', 12, 1, '2021-11-10 22:52:22', '2021-11-10 22:52:22'),
(13, 'asfasf', 'product_1111202123.jpg', 'product_1111232021.jpg', 'product_2311112021.jpg', 12, 1, '2021-11-10 22:52:23', '2021-11-10 22:52:23'),
(14, NULL, 'product_1111202143.jpg', 'product_1111432021.jpg', 'product_4311112021.jpg', 12, 1, '2021-11-10 22:54:43', '2021-11-10 22:54:43'),
(15, NULL, 'product_1111202151.jpg', 'product_1111512021.jpg', 'product_5111112021.jpg', 12, 1, '2021-11-10 22:55:51', '2021-11-10 22:55:51'),
(16, NULL, 'product_1111202139.jpg', 'product_1111392021.jpg', 'product_3911112021.jpg', 12, 1, '2021-11-10 23:08:39', '2021-11-10 23:08:39'),
(17, NULL, 'product_1111202120.jpg', 'product_1111202021.jpg', 'product_2011112021.jpg', 10, 1, '2021-11-11 13:57:20', '2021-11-11 13:57:20'),
(18, NULL, 'product_1111202112.jpg', 'product_1111122021.jpg', 'product_1211112021.jpg', 14, 1, '2021-11-11 17:23:12', '2021-11-11 17:23:12');

--
-- Индексы сохранённых таблиц
--

--
-- Индексы таблицы `category`
--
ALTER TABLE `category`
  ADD PRIMARY KEY (`id`);

--
-- Индексы таблицы `chosen_products`
--
ALTER TABLE `chosen_products`
  ADD PRIMARY KEY (`id`);

--
-- Индексы таблицы `gdekupit`
--
ALTER TABLE `gdekupit`
  ADD PRIMARY KEY (`id`);

--
-- Индексы таблицы `iconkachestva`
--
ALTER TABLE `iconkachestva`
  ADD PRIMARY KEY (`id`);

--
-- Индексы таблицы `migrations`
--
ALTER TABLE `migrations`
  ADD PRIMARY KEY (`id`);

--
-- Индексы таблицы `oauth_access_tokens`
--
ALTER TABLE `oauth_access_tokens`
  ADD PRIMARY KEY (`id`),
  ADD KEY `oauth_access_tokens_user_id_index` (`user_id`);

--
-- Индексы таблицы `oauth_auth_codes`
--
ALTER TABLE `oauth_auth_codes`
  ADD PRIMARY KEY (`id`),
  ADD KEY `oauth_auth_codes_user_id_index` (`user_id`);

--
-- Индексы таблицы `oauth_clients`
--
ALTER TABLE `oauth_clients`
  ADD PRIMARY KEY (`id`),
  ADD KEY `oauth_clients_user_id_index` (`user_id`);

--
-- Индексы таблицы `oauth_personal_access_clients`
--
ALTER TABLE `oauth_personal_access_clients`
  ADD PRIMARY KEY (`id`);

--
-- Индексы таблицы `oauth_refresh_tokens`
--
ALTER TABLE `oauth_refresh_tokens`
  ADD PRIMARY KEY (`id`),
  ADD KEY `oauth_refresh_tokens_access_token_id_index` (`access_token_id`);

--
-- Индексы таблицы `password_resets`
--
ALTER TABLE `password_resets`
  ADD KEY `password_resets_email_index` (`email`),
  ADD KEY `password_resets_token_index` (`token`);

--
-- Индексы таблицы `products`
--
ALTER TABLE `products`
  ADD PRIMARY KEY (`id`);

--
-- Индексы таблицы `roles`
--
ALTER TABLE `roles`
  ADD PRIMARY KEY (`id`);

--
-- Индексы таблицы `statuses`
--
ALTER TABLE `statuses`
  ADD PRIMARY KEY (`id`);

--
-- Индексы таблицы `status_catalog`
--
ALTER TABLE `status_catalog`
  ADD PRIMARY KEY (`id`);

--
-- Индексы таблицы `users`
--
ALTER TABLE `users`
  ADD PRIMARY KEY (`id`),
  ADD UNIQUE KEY `users_email_unique` (`email`);

--
-- Индексы таблицы `zayavki_na_razbor`
--
ALTER TABLE `zayavki_na_razbor`
  ADD PRIMARY KEY (`id`);

--
-- AUTO_INCREMENT для сохранённых таблиц
--

--
-- AUTO_INCREMENT для таблицы `category`
--
ALTER TABLE `category`
  MODIFY `id` int(11) NOT NULL AUTO_INCREMENT, AUTO_INCREMENT=47;

--
-- AUTO_INCREMENT для таблицы `chosen_products`
--
ALTER TABLE `chosen_products`
  MODIFY `id` int(11) NOT NULL AUTO_INCREMENT, AUTO_INCREMENT=74;

--
-- AUTO_INCREMENT для таблицы `gdekupit`
--
ALTER TABLE `gdekupit`
  MODIFY `id` int(11) NOT NULL AUTO_INCREMENT, AUTO_INCREMENT=487;

--
-- AUTO_INCREMENT для таблицы `iconkachestva`
--
ALTER TABLE `iconkachestva`
  MODIFY `id` int(11) NOT NULL AUTO_INCREMENT, AUTO_INCREMENT=336;

--
-- AUTO_INCREMENT для таблицы `migrations`
--
ALTER TABLE `migrations`
  MODIFY `id` int(10) UNSIGNED NOT NULL AUTO_INCREMENT, AUTO_INCREMENT=7;

--
-- AUTO_INCREMENT для таблицы `oauth_clients`
--
ALTER TABLE `oauth_clients`
  MODIFY `id` bigint(20) UNSIGNED NOT NULL AUTO_INCREMENT, AUTO_INCREMENT=7;

--
-- AUTO_INCREMENT для таблицы `oauth_personal_access_clients`
--
ALTER TABLE `oauth_personal_access_clients`
  MODIFY `id` bigint(20) UNSIGNED NOT NULL AUTO_INCREMENT, AUTO_INCREMENT=4;

--
-- AUTO_INCREMENT для таблицы `products`
--
ALTER TABLE `products`
  MODIFY `id` int(11) NOT NULL AUTO_INCREMENT, AUTO_INCREMENT=387;

--
-- AUTO_INCREMENT для таблицы `roles`
--
ALTER TABLE `roles`
  MODIFY `id` int(11) NOT NULL AUTO_INCREMENT, AUTO_INCREMENT=4;

--
-- AUTO_INCREMENT для таблицы `statuses`
--
ALTER TABLE `statuses`
  MODIFY `id` int(11) NOT NULL AUTO_INCREMENT, AUTO_INCREMENT=37;

--
-- AUTO_INCREMENT для таблицы `status_catalog`
--
ALTER TABLE `status_catalog`
  MODIFY `id` int(11) NOT NULL AUTO_INCREMENT, AUTO_INCREMENT=5;

--
-- AUTO_INCREMENT для таблицы `users`
--
ALTER TABLE `users`
  MODIFY `id` bigint(20) UNSIGNED NOT NULL AUTO_INCREMENT, AUTO_INCREMENT=31;

--
-- AUTO_INCREMENT для таблицы `zayavki_na_razbor`
--
ALTER TABLE `zayavki_na_razbor`
  MODIFY `id` int(11) NOT NULL AUTO_INCREMENT, AUTO_INCREMENT=19;
COMMIT;

/*!40101 SET CHARACTER_SET_CLIENT=@OLD_CHARACTER_SET_CLIENT */;
/*!40101 SET CHARACTER_SET_RESULTS=@OLD_CHARACTER_SET_RESULTS */;
/*!40101 SET COLLATION_CONNECTION=@OLD_COLLATION_CONNECTION */;
